id,vertical,logical_category,subcategory,Param1,Param2,Param3,title,description,LocationName,city,region,price,image_url,url_item,ext_user_id,weborama_id,interests
2201081394,General,General.HealthAndBeauty,–ö—Ä–∞—Å–æ—Ç–∞ –∏ –∑–¥–æ—Ä–æ–≤—å–µ,–ü—Ä–∏–±–æ—Ä—ã –∏ –∞–∫—Å–µ—Å—Å—É–∞—Ä—ã,,,–ü–µ–¥–∏–∫—é—Ä–Ω–∞—è –ø–æ–¥—Å—Ç–∞–≤–∫–∞ –¥–ª—è –Ω–æ–≥,–ü–µ–¥–∏–∫—é—Ä–Ω–∞—è –ø–æ–¥—Å—Ç–∞–≤–∫–∞ –¥–ª—è –Ω–æ–≥,–í–æ—Ä–æ–Ω–µ–∂,–í–æ—Ä–æ–Ω–µ–∂,–í–æ—Ä–æ–Ω–µ–∂—Å–∫–∞—è –æ–±–ª–∞—Å—Ç—å,2250.000000000000000,https://90.img.avito.st/640x480/11661905090.jpg,https://avito.ru/2201081394?utm_medium=cpc&avito_campaign_id=1232320950223423484&utm_source=buzzoola&utm_campaign=web_buzzoola_buyers_b2b_common_all_network_15082021_any_none_b2b,173534363,121813,"Lifestyles & Hobbies/Business Professionals,Beauty & Wellness/Frequently Visits Salons,Sports & Fitness/Sports Fans,Green Living Enthusiasts,Home & Garden/Do-It-Yourselfers"
2191470673,General,General.HealthAndBeauty,–ö—Ä–∞—Å–æ—Ç–∞ –∏ –∑–¥–æ—Ä–æ–≤—å–µ,–ü–∞—Ä—Ñ—é–º–µ—Ä–∏—è,,,"–ü–æ–¥–∞—Ä–æ—á–Ω—ã–π aroma BOX, –ê—Ä–æ–º–∞ —Å–µ—Ç, —Å–µ–ª–µ–∫—Ç–∏–≤, —Ä–∞—Å–ø–∏–≤","üßö‚Äç‚ôÄÔ∏è–î–æ—Ä–æ–≥–∏–µ –¥—Ä—É–∑—å—è, –ø—Ä–µ–¥–ª–æ–≥–∞—é —Å—Ç–∏–ª—å–Ω–æ –æ—Ñ–æ—Ä–º–ª–µ–Ω–Ω—ã–π –±—å—é—Ç–∏ –±–æ–∫—Å –∏–∑ 4 –∞—Ä–æ–º–∞—Ç–æ–≤ –ø–æ 5 –º–ª   üíî–°–∞–º—ã–π —Å—Ç–∏–ª—å–Ω—ã–π –∏ –∞—Ä–æ–º–∞ –±–æ–∫—Å –∏–∑ –Ω–æ–≤–∏–Ω–æ–∫ –∏ –ª–µ–≥–µ–Ω–¥–∞—Ä–Ω—ã—Ö —Ç–æ–ø–æ–≤—ã—Ö —Å–µ–ª–µ–∫—Ç–∏–≤–æ–≤ –æ—Ä–∏–µ–Ω—Ç–∞–ª—å–Ω—ã—Ö –∞—Ä–æ–º–∞—Ç–æ–≤ —É–Ω–∏—Å–µ–∫—Å!   ‚ú®–ü–æ–ø—Ä–æ–±—É–π –ø–æ —Å—É–ø–µ—Ä —Ü–µ–Ω–µ!  üéÅ–¢—ã –æ–ø–ª–∞—á–∏–≤–∞–µ—à—å —Ç–æ–ª—å–∫–æ 3 –∞—Ä–æ–º–∞—Ç–∞, –∞ 4 –ø–æ–ª—É—á–∞–µ—à—å –≤ –ø–æ–¥–∞–∫–æ–∫üéÅ  ‚ÄºÔ∏è–ü—Ä–µ–¥–ª–æ–≥–∞—é –∫ –ø–æ–∫—É–ø–∫–µ –ë—å—é—Ç–∏ –±–æ–∫—Å—ã –≤ —Ä–∞–∑–Ω–æ–π –∫–æ–º–ø–ª–µ–∫—Ç–∞—Ü–∏–∏ –º–ª –∏ –∞—Ä–æ–º–∞—Ç–æ–≤, –ü–∞—Ä—Ñ—é–º –∫–∞–∫ –ü–æ–ª–Ω—ã–º —Ñ–ª–∞–∫–æ–Ω–æ–º (–ø–æ –æ—á–µ–Ω—å –≤—ã–≥–æ–¥–Ω–æ–π —Ü–µ–Ω–µ), –∏ —Ç–∞–∫ –∂–µ –ø–æ 2–º–ª ,5–º–ª ,10–º–ª –∏ –æ—Å—Ç–∞—Ç–∫–∏ –≤–æ —Ñ–ª–∞–∫–æ–Ω–∞—Ö  üíØ –ü–∞—Ä—Ñ—é–º–µ—Ä–∏—è —Å—Ç—Ä–æ–≥–æ –æ—Ä–∏–≥–∏–Ω–∞–ª—å–Ω–æ–≥–æ –∫–∞—á–µ—Å—Ç–≤–∞!  üóº–û–≥—Ä–æ–º–Ω—ã–π –≤—ã–±–æ—Ä –∞—Ä–æ–º–∞—Ç–æ–≤ –≤ —Ä–∞—Å–ø–∏–≤ –∏ –ü–æ–ª–Ω—ã–º —Ñ–ª–∞–∫–æ–Ω–æ–º!  üì∏ –ó–∞—Ö–æ–¥–∏—Ç–µ –≤ –º–æ–π –ø—Ä–æ—Ñ–∏–ª—å, –≤—Å–µ —Ñ–æ—Ç–æ –¥–µ–ª–∞—é –ª–∏—á–Ω–æ –¥–ª—è –í–∞—Å, –ø–æ–¥–ø–∏—Å—ã–≤–∞–π—Ç–µ—Å—å!  üí∏–ß–∞—Å—Ç—ã–µ –∞–∫—Ü–∏–∏ –∏ —Å–∞–º—ã–µ —á–µ—Å—Ç–Ω—ã–µ —Ü–µ–Ω—ã!  üì≤–ï—Å—Ç—å –∏–Ω—Å—Ç–∞–≥—Ä–∞ vrn_parfum_136  üõ¨–ë—ã—Å—Ç—Ä–∞—è –¥–æ—Å—Ç–∞–≤–∫–∞ –ø–æ –í—Å–µ–π –†–æ—Å—Å–∏–∏  üöö –ü–æ –í–æ—Ä–æ–Ω–µ–∂—É –¥–æ—Å—Ç–∞–≤–∫–∞ –≤ —Ç–µ—á–µ–Ω–∏–∏ —á–∞—Å–∞!",–í–æ—Ä–æ–Ω–µ–∂,–í–æ—Ä–æ–Ω–µ–∂,–í–æ—Ä–æ–Ω–µ–∂—Å–∫–∞—è –æ–±–ª–∞—Å—Ç—å,1150.000000000000000,https://13.img.avito.st/640x480/11695009413.jpg,https://avito.ru/2191470673?utm_medium=cpc&avito_campaign_id=1232320950223423484&utm_source=buzzoola&utm_campaign=web_buzzoola_buyers_b2b_common_all_network_15082021_any_none_b2b,174976049,121813,"Lifestyles & Hobbies/Business Professionals,Beauty & Wellness/Frequently Visits Salons,Sports & Fitness/Sports Fans,Green Living Enthusiasts,Home & Garden/Do-It-Yourselfers"
2191827123,General,General.HealthAndBeauty,–ö—Ä–∞—Å–æ—Ç–∞ –∏ –∑–¥–æ—Ä–æ–≤—å–µ,–ö–æ—Å–º–µ—Ç–∏–∫–∞,,,–ú–∞—Ç–æ–≤—ã–µ –ø–æ–º–∞–¥–∞ –±–ª–µ—Å–∫ –¥–ª—è –≥—É–± Hermes,"Ô∏èüôãüèº‚Äç‚ôÄÔ∏è –î–æ—Ä–æ–≥–∏–µ –¥—Ä—É–∑—å—è, –≥–∞—Ä–∞–Ω—Ç–∏—Ä—É—é –í—ã—Å–æ–∫–æ–µ –∫–∞—á–µ—Å—Ç–≤–æ, –ø—Ä–∏ —Å–∞–º–æ–π —Å–∞–º–æ–π –Ω–µ –ø—Ä–∏–ª–∏—á–Ω–æ –Ω–∏–∑–∫–æ–π —Ü–µ–Ω–µ!!!  üíé –ì–∞—Ä–∞–Ω—Ç–∏—Ä—É—é –û—Ä–∏–≥–∏–Ω–∞–ª—å–Ω–æ–µ –∫–∞—á–µ—Å—Ç–≤–æ!  üñ§ –ó–∞–≥–ª—è–Ω–∏—Ç–µ –≤ –º–æ–π –ø—Ä–æ—Ñ–∏–ª—å, –ø–æ–¥–ø–∏—à–∏—Å—å, —á—Ç–æ –± –Ω–µ –ø—Ä–æ–ø—É—Å—Ç—å –º–æ–¥–Ω—ã–µ –Ω–æ–≤–∏–Ω–∫–∏ –∏ —Å–∞–º—ã–µ –≤—ã–≥–æ–¥–Ω—ã–µ —Ä–∞—Å–ø—Ä–æ–¥–∞–∂–∏!   üì∏ –í—Å–µ —Ñ–æ—Ç–æ —Å–¥–µ–ª–∞–Ω—ã –º–Ω–æ—é –ª–∏—á–Ω–æ –¥–ª—è –í–∞—Å!   üéÅ –í—Å–µ –Ω–æ–≤–æ–µ, –∏–¥–µ–∞–ª—å–Ω–æ –ø–æ–¥—Ö–æ–¥–∏—Ç –≤ –∫–∞—á–µ—Å—Ç–≤–µ –ø–æ–¥–∞—Ä–∫–∞, –≤ —Å–ª—é–¥–µ –∏ —É–ø–∞–∫–æ–≤–∫–µ, –±—Ä–µ–Ω–¥–æ–≤—ã—Ö –ø–∞–∫–µ—Ç–∞—Ö, –∫–æ—Ä–æ–±–æ—á–∫–∞—Ö, —Ä—É—Å–∏—Ñ–∏—Ü–∏—Ä–æ–≤–∞–Ω–Ω–æ.  –ü—Ä–µ–¥—Å—Ç–∞–≤–ª—è–µ–º —Å—Ç–æ–π–∫—É—é –∂–∏–¥–∫—É—é –≥—É–±–Ω—É—é –ø–æ–º–∞–¥—É –Ω–æ–≤–æ–≥–æ –ø–æ–∫–æ–ª–µ–Ω–∏—è! –≠—Ç–∞ —Å–µ–Ω—Å–∞—Ü–∏–æ–Ω–Ω–∞—è –ø–æ–º–∞–¥–∞ –ø—Ä–∏–¥–∞–µ—Ç –Ω–∞—Å—ã—â–µ–Ω–Ω—ã–π –º–∞—Ç–æ–≤—ã–π —Ü–≤–µ—Ç, –º—è–≥–∫–æ –ª–æ–∂–∏—Ç—Å—è –Ω–∞ –≥—É–±—ã –∏ –ø–æ–¥—á–µ—Ä–∫–∏–≤–∞–µ—Ç –∏—Ö –µ—Å—Ç–µ—Å—Ç–≤–µ–Ω–Ω—É—é —Ñ–æ—Ä–º—É, —Å–æ–∑–¥–∞–≤–∞—è —ç—Ñ—Ñ–µ–∫—Ç –ø—É—Ö–ª—ã—Ö –≥—É–±! –ù–µ —Ç—Ä–µ—Å–∫–∞–µ—Ç—Å—è, –Ω–µ —Ç—É—Å–∫–Ω–µ–µ—Ç, –Ω–µ —Å–º–∞–∑—ã–≤–∞–µ—Ç—Å—è –¥–æ 16 —á–∞—Å–æ–≤!  –ö–∞–∫ –∏ —Ç–≤–æ—ë –ª—é–±–∏–º–æ–µ –±–µ–ª—å–µ, —ç—Ç–∞ –∂–∏–¥–∫–∞—è –ø–æ–º–∞–¥–∞ –Ω–µ –æ—â—É—â–∞–µ—Ç—Å—è –≤ —Ç–µ—á–µ–Ω–∏–µ –≤—Å–µ–≥–æ –¥–Ω—è.  –ü–æ–º–∞–¥–∞ –Ω–µ —Å–æ–¥–µ—Ä–∂–∏—Ç –∏–Ω–≥—Ä–µ–¥–∏–µ–Ω—Ç–æ–≤ –∂–∏–≤–æ—Ç–Ω–æ–≥–æ –ø—Ä–æ–∏—Å—Ö–æ–∂–¥–µ–Ω–∏—è.   ‚ùó–ï—Å—Ç—å –∏–Ω—Å—Ç–∞–≥—Ä–∞ vrn_parfum_136   üöö–î–æ—Å—Ç–∞–≤–∫–∞ –≤ —Ç–µ—á–µ–Ω–∏–∏ —á–∞—Å–∞ –ø–æ –í–æ—Ä–æ–Ω–µ–∂—É!   üì¶–ü–µ—Ä–µ—Å—ã–ª –ø–æ –í—Å–µ–π –°—Ç—Ä–∞–Ω–µ!   üî•–í—Å–µ—Ö –º–æ–∏—Ö –ø–æ–∫—É–ø–∞—Ç–µ–ª–µ–π –∂–¥—É—Ç —Å–∫–∏–¥–∫–∏, –ø–æ–¥–∞—Ä–∫–∏, –ø—Ä–∏—è—Ç–Ω—ã–µ —Å—é—Ä–ø—Ä–∏–∑—ã!",–í–æ—Ä–æ–Ω–µ–∂,–í–æ—Ä–æ–Ω–µ–∂,–í–æ—Ä–æ–Ω–µ–∂—Å–∫–∞—è –æ–±–ª–∞—Å—Ç—å,600.000000000000000,https://68.img.avito.st/640x480/11756933568.jpg,https://avito.ru/2191827123?utm_medium=cpc&avito_campaign_id=1232320950223423484&utm_source=buzzoola&utm_campaign=web_buzzoola_buyers_b2b_common_all_network_15082021_any_none_b2b,174976049,121813,"Lifestyles & Hobbies/Business Professionals,Beauty & Wellness/Frequently Visits Salons,Sports & Fitness/Sports Fans,Green Living Enthusiasts,Home & Garden/Do-It-Yourselfers"
2233872509,General,General.HealthAndBeauty,–ö—Ä–∞—Å–æ—Ç–∞ –∏ –∑–¥–æ—Ä–æ–≤—å–µ,–ü—Ä–∏–±–æ—Ä—ã –∏ –∞–∫—Å–µ—Å—Å—É–∞—Ä—ã,,,–ù–∞–±–æ—Ä –¥–ª—è –º–∞–Ω–∏–∫—é—Ä–∞ –ö–æ–¥–∏,–ù–∞–±–æ—Ä –¥–ª—è –º–∞–Ω–∏–∫—é—Ä–∞ –ö–æ–¥–∏ —Å –ª–∞–º–ø–æ–π SUN 1  –¶–µ–Ω–∞ –∑–∞ –Ω–∞–±–æ—Äüëâ2750—Ä—É–±  –í –Ω–∞–±–æ—Ä –≤—Ö–æ–¥–∏—Ç:  - –õa–º–øa 48 –í–∞—Ç  - –ñ–∏–¥–∫o—Å—Ç—å –¥–ª—è —Å–Ω—è—Ç–∏—è –≥–µ–ª—å –ª–∞–∫–∞  - –ñ–∏–¥–∫o—Å—Ç—å –¥–ª—è –æ–±–µ–∑–∂–∏—Ä–∏–≤–∞–Ω–∏—è –Ω–æ–≥—Ç–µ–π –∏ —Å–Ω—è—Ç–∏—è –ª–∏–ø–∫–æ–≥–æ —Å–ª–æ—è  - –ë–∞—Ñ  - –ë–µ–∑–≤–æ—Ä—Å–æ–≤—ã–µe —Å–∞–ª—Ñ–µ—Ç–∫–∏  - –ê–ø–µ–ª—å—Å–∏–Ω–æ–≤—ã–µ –ø–∞–ª–æ—á–∫–∏  - –°–ªa–π–¥–µ—Ä –¥–ª—è –¥–∏–∑–∞–π–Ω–∞  - –©–µ—Ç–æ—á–∫–∞  - –ú–∞—Å–ª–æ –¥–ª—è –∫—É—Ç–∏–∫—É–ª—ã  - –üa–ª–∏—Ç—Ä–∞ —Ä–æ–º–∞—à–∫–∞  - –ü—Äa–π–º–µ—Ä 10–º–ª  - –¢–æ–ø –ö–æ–¥–∏ 7 –º–ª  - –ë–∞–∑a –ö–æ–¥–∏ 7–º–ª  - 5 —Ü–≤–µ—Ç–Ω—ã—Ö –≥–µ–ª—å –ª–∞–∫–∞ 8–º–ª,–í–æ—Ä–æ–Ω–µ–∂,–í–æ—Ä–æ–Ω–µ–∂,–í–æ—Ä–æ–Ω–µ–∂—Å–∫–∞—è –æ–±–ª–∞—Å—Ç—å,2750.000000000000000,https://48.img.avito.st/640x480/11776965048.jpg,https://avito.ru/2233872509?utm_medium=cpc&avito_campaign_id=1232320950223423484&utm_source=buzzoola&utm_campaign=web_buzzoola_buyers_b2b_common_all_network_15082021_any_none_b2b,173534363,121813,"Lifestyles & Hobbies/Business Professionals,Beauty & Wellness/Frequently Visits Salons,Sports & Fitness/Sports Fans,Green Living Enthusiasts,Home & Garden/Do-It-Yourselfers"
2191727521,General,General.HealthAndBeauty,–ö—Ä–∞—Å–æ—Ç–∞ –∏ –∑–¥–æ—Ä–æ–≤—å–µ,–ü–∞—Ä—Ñ—é–º–µ—Ä–∏—è,,,–ü–∞—Ä—Ñ—é–º–µ—Ä–∏—è –Ω–∞–±–æ—Ä –ë–∞–∫—Ö–∞—Ä–∞—Ç baccarat 4 —à—Ç –ø–æ 30 –º–ª,"–®–∏–∫–∞—Ä–Ω—ã–π, —Ä–æ—Å–∫–æ—à–Ω—ã–π —Å–µ–ª–µ–∫—Ç–∏–≤–Ω—ã–π –Ω–∞–±–æ—Ä —Ç–æ–ø–æ–≤—ã—Ö –∞—Ä–æ–º–∞—Ç–æ–≤ BACCARAT  4—à—Ç –ø–æ 30–º–ª!   –ö–æ–ª–ª–∏—á–µ—Å—Ç–≤–æ –æ–≥—Ä–∞–Ω–∏—á–µ–Ω–æ!  –í –Ω–∞–ª–∏—á–∏–∏!  üôãüèº‚Äç‚ôÄÔ∏è –î–æ—Ä–æ–≥–∏–µ –¥—Ä—É–∑—å—è, –≥–∞—Ä–∞–Ω—Ç–∏—Ä—É—é –í—ã—Å–æ–∫–æ–µ –∫–∞—á–µ—Å—Ç–≤–æ –ø–∞—Ä—Ñ—é–º–µ—Ä–∏–∏, –ø—Ä–∏ —Å–∞–º–æ–π —Å–∞–º–æ–π –Ω–µ –ø—Ä–∏–ª–∏—á–Ω–æ –Ω–∏–∑–∫–æ–π —Ü–µ–Ω–µ!!!  –¢–æ–ª—å–∫–æ –û—Ä–∏–≥–∏–Ω–∞–ª—å–Ω–æ–µ –∫–∞—á–µ—Å—Ç–≤–æ!  üñ§ –ó–∞–≥–ª—è–Ω–∏—Ç–µ –≤ –º–æ–π –ø—Ä–æ—Ñ–∏–ª—å, –ø–æ–¥–ø–∏—à–∏—Å—å, —á—Ç–æ –± –Ω–µ –ø—Ä–æ–ø—É—Å—Ç—å –º–æ–¥–Ω—ã–µ –Ω–æ–≤–∏–Ω–∫–∏ –∏ —Å–∞–º—ã–µ –≤—ã–≥–æ–¥–Ω—ã–µ —Ä–∞—Å–ø—Ä–æ–¥–∞–∂–∏!   üì∏ –í—Å–µ —Ñ–æ—Ç–æ —Å–¥–µ–ª–∞–Ω—ã –º–Ω–æ—é –ª–∏—á–Ω–æ –¥–ª—è –í–∞—Å!   ‚ùó–ï—Å—Ç—å –∏–Ω—Å—Ç–∞–≥—Ä–∞ vrn_parfum_136   üöö–î–æ—Å—Ç–∞–≤–∫–∞ –≤ —Ç–µ—á–µ–Ω–∏–∏ —á–∞—Å–∞ –ø–æ –í–æ—Ä–æ–Ω–µ–∂—É!   üì¶–ü–µ—Ä–µ—Å—ã–ª –ø–æ –í—Å–µ–π –°—Ç—Ä–∞–Ω–µ!   üî•–í—Å–µ—Ö –º–æ–∏—Ö –ø–æ–∫—É–ø–∞—Ç–µ–ª–µ–π –∂–¥—É—Ç —Å–∫–∏–¥–∫–∏, –ø–æ–¥–∞—Ä–∫–∏, –ø—Ä–∏—è—Ç–Ω—ã–µ —Å—é—Ä–ø—Ä–∏–∑—ã!",–í–æ—Ä–æ–Ω–µ–∂,–í–æ—Ä–æ–Ω–µ–∂,–í–æ—Ä–æ–Ω–µ–∂—Å–∫–∞—è –æ–±–ª–∞—Å—Ç—å,2590.000000000000000,https://17.img.avito.st/640x480/11750471717.jpg,https://avito.ru/2191727521?utm_medium=cpc&avito_campaign_id=1232320950223423484&utm_source=buzzoola&utm_campaign=web_buzzoola_buyers_b2b_common_all_network_15082021_any_none_b2b,174976049,121813,"Lifestyles & Hobbies/Business Professionals,Beauty & Wellness/Frequently Visits Salons,Sports & Fitness/Sports Fans,Green Living Enthusiasts,Home & Garden/Do-It-Yourselfers"
2222997779,General,General.HealthAndBeauty,–ö—Ä–∞—Å–æ—Ç–∞ –∏ –∑–¥–æ—Ä–æ–≤—å–µ,–ö–æ—Å–º–µ—Ç–∏–∫–∞,,,"–¢–æ–Ω–∞–ª—å–Ω—ã–π –∫—Ä–µ–º dior, –î–∏–æ—Ä —Ñ–ª—é–∏–¥, –Ω–æ–≤—ã–π","Ô∏èüôãüèº‚Äç‚ôÄÔ∏è –î–æ—Ä–æ–≥–∏–µ –¥—Ä—É–∑—å—è, –≥–∞—Ä–∞–Ω—Ç–∏—Ä—É—é –í—ã—Å–æ–∫–æ–µ –∫–∞—á–µ—Å—Ç–≤–æ –ø–∞—Ä—Ñ—é–º–µ—Ä–∏–∏, –ø—Ä–∏ —Å–∞–º–æ–π —Å–∞–º–æ–π –Ω–µ –ø—Ä–∏–ª–∏—á–Ω–æ –Ω–∏–∑–∫–æ–π —Ü–µ–Ω–µ!!!  üíé –ì–∞—Ä–∞–Ω—Ç–∏—Ä—É—é –û—Ä–∏–≥–∏–Ω–∞–ª—å–Ω–æ–µ –∫–∞—á–µ—Å—Ç–≤–æ!  üñ§ –ó–∞–≥–ª—è–Ω–∏—Ç–µ –≤ –º–æ–π –ø—Ä–æ—Ñ–∏–ª—å, –ø–æ–¥–ø–∏—à–∏—Å—å, —á—Ç–æ –± –Ω–µ –ø—Ä–æ–ø—É—Å—Ç—å –º–æ–¥–Ω—ã–µ –Ω–æ–≤–∏–Ω–∫–∏ –∏ —Å–∞–º—ã–µ –≤—ã–≥–æ–¥–Ω—ã–µ —Ä–∞—Å–ø—Ä–æ–¥–∞–∂–∏!   üì∏ –í—Å–µ —Ñ–æ—Ç–æ —Å–¥–µ–ª–∞–Ω—ã –º–Ω–æ—é –ª–∏—á–Ω–æ –¥–ª—è –í–∞—Å!   üéÅ –í—Å–µ –Ω–æ–≤–æ–µ, –∏–¥–µ–∞–ª—å–Ω–æ –ø–æ–¥—Ö–æ–¥–∏—Ç –≤ –∫–∞—á–µ—Å—Ç–≤–µ –ø–æ–¥–∞—Ä–∫–∞, –≤ —Å–ª—é–¥–µ –∏ —É–ø–∞–∫–æ–≤–∫–µ, –±—Ä–µ–Ω–¥–æ–≤—ã—Ö –ø–∞–∫–µ—Ç–∞—Ö, –∫–æ—Ä–æ–±–æ—á–∫–∞—Ö.  ‚ÄºÔ∏è–≤–æ—Å—Å—Ç–∞–Ω–∞–≤–ª–∏–≤–∞—é—â–∏–π –Ω–µ–∫—Ç–∞—Ä –¥–ª—è –ª–∏—Ü–∞ —Å —Ç–æ–Ω–∞–ª—å–Ω—ã–º —ç—Ñ—Ñ–µ–∫—Ç–æ–º - –Ω–æ–≤–∏–Ω–∫–∞ –æ—Ç Dior. –û–Ω –∏–Ω—Ç–µ–Ω—Å–∏–≤–Ω–æ —É–≤–ª–∞–∂–Ω—è–µ—Ç –∏ –æ–∂–∏–≤–ª—è–µ—Ç –∫–æ–∂—É, —Ä–∞–∑–≥–ª–∞–∂–∏–≤–∞—è –º–µ–ª–∫–∏–µ –º–æ—Ä—â–∏–Ω–∫–∏ –∏ –ø—Ä–µ–ø—è—Ç—Å—Ç–≤—É—è –ø–æ—è–≤–ª–µ–Ω–∏—é –Ω–æ–≤—ã—Ö. –ò–º–µ–µ—Ç —Å–∞—Ç–∏–Ω–æ–≤–æ–µ –∏ –æ–¥–Ω–æ–≤—Ä–µ–º–µ–Ω–Ω–æ ¬´–≤–µ–ª—å–≤–µ—Ç–æ–≤–æ–µ¬ª –ø–æ–∫—Ä—ã—Ç–∏–µ –±–µ–∑ —á—Ä–µ–∑–º–µ—Ä–Ω–æ–π –º–∞—Ç–æ–≤–æ—Å—Ç–∏ –∏–ª–∏ –∂–∏—Ä–Ω–æ–≥–æ –±–ª–µ—Å–∫–∞.  ‚ùó–ï—Å—Ç—å –∏–Ω—Å—Ç–∞–≥—Ä–∞ vrn_parfum_136   üöö–î–æ—Å—Ç–∞–≤–∫–∞ –≤ —Ç–µ—á–µ–Ω–∏–∏ —á–∞—Å–∞ –ø–æ –í–æ—Ä–æ–Ω–µ–∂—É!   üì¶–ü–µ—Ä–µ—Å—ã–ª –ø–æ –í—Å–µ–π –°—Ç—Ä–∞–Ω–µ!   üî•–í—Å–µ—Ö –º–æ–∏—Ö –ø–æ–∫—É–ø–∞—Ç–µ–ª–µ–π –∂–¥—É—Ç —Å–∫–∏–¥–∫–∏, –ø–æ–¥–∞—Ä–∫–∏, –ø—Ä–∏—è—Ç–Ω—ã–µ —Å—é—Ä–ø—Ä–∏–∑—ã!",–í–æ—Ä–æ–Ω–µ–∂,–í–æ—Ä–æ–Ω–µ–∂,–í–æ—Ä–æ–Ω–µ–∂—Å–∫–∞—è –æ–±–ª–∞—Å—Ç—å,690.000000000000000,https://65.img.avito.st/640x480/11767260365.jpg,https://avito.ru/2222997779?utm_medium=cpc&avito_campaign_id=1232320950223423484&utm_source=buzzoola&utm_campaign=web_buzzoola_buyers_b2b_common_all_network_15082021_any_none_b2b,174976049,121813,"Lifestyles & Hobbies/Business Professionals,Beauty & Wellness/Frequently Visits Salons,Sports & Fitness/Sports Fans,Green Living Enthusiasts,Home & Garden/Do-It-Yourselfers"
2191706093,General,General.HealthAndBeauty,–ö—Ä–∞—Å–æ—Ç–∞ –∏ –∑–¥–æ—Ä–æ–≤—å–µ,–ü–∞—Ä—Ñ—é–º–µ—Ä–∏—è,,,Thomas kosmala NO 7 LE SEL DE LA terre —Å–µ–ª–µ–∫—Ç–∏–≤,"üôãüèº‚Äç‚ôÄÔ∏è –î–æ—Ä–æ–≥–∏–µ –¥—Ä—É–∑—å—è, –≥–∞—Ä–∞–Ω—Ç–∏—Ä—É—é –í—ã—Å–æ–∫–æ–µ –∫–∞—á–µ—Å—Ç–≤–æ –ø–∞—Ä—Ñ—é–º–µ—Ä–∏–∏, –ø—Ä–∏ —Å–∞–º–æ–π —Å–∞–º–æ–π –Ω–µ –ø—Ä–∏–ª–∏—á–Ω–æ –Ω–∏–∑–∫–æ–π —Ü–µ–Ω–µ!!!  üíé –ì–∞—Ä–∞–Ω—Ç–∏—Ä—É—é –û—Ä–∏–≥–∏–Ω–∞–ª—å–Ω–æ–µ –∫–∞—á–µ—Å—Ç–≤–æ!  üñ§ –ó–∞–≥–ª—è–Ω–∏—Ç–µ –≤ –º–æ–π –ø—Ä–æ—Ñ–∏–ª—å, –ø–æ–¥–ø–∏—à–∏—Å—å, —á—Ç–æ –± –Ω–µ –ø—Ä–æ–ø—É—Å—Ç—å –º–æ–¥–Ω—ã–µ –Ω–æ–≤–∏–Ω–∫–∏ –∏ —Å–∞–º—ã–µ –≤—ã–≥–æ–¥–Ω—ã–µ —Ä–∞—Å–ø—Ä–æ–¥–∞–∂–∏!   üì∏ –í—Å–µ —Ñ–æ—Ç–æ —Å–¥–µ–ª–∞–Ω—ã –º–Ω–æ—é –ª–∏—á–Ω–æ –¥–ª—è –í–∞—Å!   üéÅ –í—Å–µ –Ω–æ–≤–æ–µ, –∏–¥–µ–∞–ª—å–Ω–æ –ø–æ–¥—Ö–æ–¥–∏—Ç –≤ –∫–∞—á–µ—Å—Ç–≤–µ –ø–æ–¥–∞—Ä–∫–∞, –≤ —Å–ª—é–¥–µ –∏ —É–ø–∞–∫–æ–≤–∫–µ, –±—Ä–µ–Ω–¥–æ–≤—ã—Ö –ø–∞–∫–µ—Ç–∞—Ö, –∫–æ—Ä–æ–±–æ—á–∫–∞—Ö   ‚ú®–í–æ–∑–º–æ–∂–µ–Ω —Ä–∞—Å–ø–∏–≤ 2 –º–ª, 5 –º–ª, 10 –º–ª, 15 –º–ª —É—Ç–æ—á–Ω—è–π—Ç–µ.    –£–Ω–∏—Å–µ–∫—Å, –æ—Ä–∏–µ–Ω—Ç–∞–ª—å–Ω—ã–µ. –û–±–Ω–æ–≤–ª—è—è –∏—Ö –ø—Ä–∏ –ø–æ–º–æ—â–∏ –∞–∫—Ç—É–∞–ª—å–Ω—ã—Ö —Å–ø–æ—Å–æ–±–æ–≤ —Å–æ–≤—Ä–µ–º–µ–Ω–Ω–æ–π –æ–ª—å—Ñ–∞–∫—Ç–æ—Ä–Ω–æ–π –æ–±—Ä–∞–±–æ—Ç–∫–∏. –í —Ç—Ä–µ—É–≥–æ–ª—å–Ω–∏–∫–µ –≤–æ–ª—à–µ–±–Ω–æ–≥–æ –ø–æ–ª—É–ø—Ä–æ–∑—Ä–∞—á–Ω–æ–≥–æ –∑–∞–ø–∞—Ö–∞ Thomas Kosmala No 7 Le Sel De La Terre —á–µ—Ç–∫–æ —É–≥–∞–¥—ã–≤–∞—é—Ç—Å—è –±–æ–∂–µ—Å—Ç–≤–µ–Ω–Ω—ã–µ –ø—Ä–∏—Ä–æ–¥–Ω—ã–µ –∞—Ä–æ–º–∞—Ç—ã —Å–æ–ª–µ–Ω–æ–≥–æ –º–æ—Ä—Å–∫–æ–≥–æ –±—Ä–∏–∑–∞, –æ—Ç—Ç–µ–Ω–∫–∏ –æ–∫–µ–∞–Ω—Å–∫–∏—Ö –±—Ä—ã–∑–≥ –∏ —É–ø–æ–∏—Ç–µ–ª—å–Ω—ã–µ –º–æ—Ç–∏–≤—ã —Å–ø–µ–ª—ã—Ö —Å—Ä–µ–¥–∏–∑–µ–º–Ω–æ–º–æ—Ä—Å–∫–∏—Ö —Ñ—Ä—É–∫—Ç–æ–≤. –ò—Å–∫—Ä–∏—Å—Ç—ã–µ –∞–∫—Ü–µ–Ω—Ç—ã –±–µ—Ä–≥–∞–º–æ—Ç–∞ –∏ –∏—Ç–∞–ª—å—è–Ω—Å–∫–æ–≥–æ –ª–∏–º–æ–Ω–∞ –æ–≤–µ—è–Ω—ã –ø—Ä–æ—Ö–ª–∞–¥–Ω—ã–º –æ–±–ª–∞–∫–æ–º —Å–æ–ª–µ–Ω–æ–π –≤–æ–¥—ã, –∫–æ—Ç–æ—Ä–∞—è –±–ª–∏–∂–µ –∫ —Å–µ—Ä–¥—Ü—É, —Ç–µ—Ä—è–µ—Ç —Å–≤–æ–∏ –º–æ—Ä—Å–∫–∏–µ –Ω–æ—Ç–∫–∏ –ø—Ä–µ–≤—Ä–∞—â–∞—è—Å—å –≤ –±—É—Ä–Ω—ã–µ –ø–æ—Ç–æ–∫–∏ –æ—Å–≤–µ–∂–∞—é—â–∏—Ö –≥–æ—Ä–Ω—ã—Ö —Ä—É—á—å–µ–≤. –≠–ª–µ–≥–∞–Ω—Ç–Ω—ã–π —Ü–≤–µ—Ç–æ—á–Ω—ã–π –±—É–∫–µ—Ç –≤ —Å–µ—Ä–¥—Ü–µ –≥–∞—Ä–º–æ–Ω–∏—Ä—É–µ—Ç —Å –±–ª–∞–≥–æ—Ä–æ–¥–Ω—ã–º –¥—Ä–µ–≤–µ—Å–Ω—ã–º —à–ª–µ–π—Ñ–æ–º –ø–∞—Ä—Ñ—é–º–∞ –æ—Å—Ç–∞–≤–∞—è—Å—å –Ω–∞ –∫–æ–∂–µ —á–∞—Ä—É—é—â–∏–º–∏ –º–æ—Ç–∏–≤–∞–º–∏ –Ω–∞—Ç—É—Ä–∞–ª—å–Ω–æ–≥–æ —ç—Ñ–∏—Ä–Ω–æ–≥–æ –º–∞—Å–ª–∞ –∏ —Ç–µ–ø–ª—ã–º–∏ –º—É—Å–∫—É—Å–Ω—ã–º–∏ –Ω—é–∞–Ω—Å–∞–º–∏.  ‚ùó–ï—Å—Ç—å –∏–Ω—Å—Ç–∞–≥—Ä–∞ vrn_parfum_136   üöö–î–æ—Å—Ç–∞–≤–∫–∞ –≤ —Ç–µ—á–µ–Ω–∏–∏ —á–∞—Å–∞ –ø–æ –í–æ—Ä–æ–Ω–µ–∂—É!   üì¶–ü–µ—Ä–µ—Å—ã–ª –ø–æ –í—Å–µ–π –°—Ç—Ä–∞–Ω–µ!   üî•–í—Å–µ—Ö –º–æ–∏—Ö –ø–æ–∫—É–ø–∞—Ç–µ–ª–µ–π –∂–¥—É—Ç —Å–∫–∏–¥–∫–∏, –ø–æ–¥–∞—Ä–∫–∏, –ø—Ä–∏—è—Ç–Ω—ã–µ —Å—é—Ä–ø—Ä–∏–∑—ã!",–í–æ—Ä–æ–Ω–µ–∂,–í–æ—Ä–æ–Ω–µ–∂,–í–æ—Ä–æ–Ω–µ–∂—Å–∫–∞—è –æ–±–ª–∞—Å—Ç—å,2900.000000000000000,https://54.img.avito.st/640x480/11681518754.jpg,https://avito.ru/2191706093?utm_medium=cpc&avito_campaign_id=1232320950223423484&utm_source=buzzoola&utm_campaign=web_buzzoola_buyers_b2b_common_all_network_15082021_any_none_b2b,174976049,121813,"Lifestyles & Hobbies/Business Professionals,Beauty & Wellness/Frequently Visits Salons,Sports & Fitness/Sports Fans,Green Living Enthusiasts,Home & Garden/Do-It-Yourselfers"
2229753392,General,General.HealthAndBeauty,–ö—Ä–∞—Å–æ—Ç–∞ –∏ –∑–¥–æ—Ä–æ–≤—å–µ,–ú–µ–¥–∏—Ü–∏–Ω—Å–∫–∏–µ –∏–∑–¥–µ–ª–∏—è,,,–†–µ—Ü–∏—Ä–∫—É–ª—è—Ç–æ—Ä –±–∞–∫—Ç–µ—Ä–∏—Ü–∏–¥–Ω–∞—è –ª–∞–º–ø–∞,"–†–µ—Ü–∏—Ä–∫—É–ª—è—Ç–æ—Ä –õ–∞–º–ø–∞ –±–∞–∫—Ç–µ—Ä–∏—Ü–∏–¥–Ω–∞—è  –ú—ã –Ω–∞—Ö–æ–¥–∏–º—Å—è: –≥. –í–æ—Ä–æ–Ω–µ–∂  –ú–∞–≥–∞–∑–∏–Ω –∏ –∑–∞–≤–æ–¥ —Ä–µ—Ü–∏—Ä–∫—É–ª—è—Ç–æ—Ä–æ–≤ –≤ –í–æ—Ä–æ–Ω–µ–∂–µ. –í—Å–µ–≥–¥–∞ –≤ –Ω–∞–ª–∏—á–∏–∏ –æ–∫–æ–ª–æ 10 –º–æ–¥–µ–ª–µ–π –Ω–∞ –ø–ª–æ—â–∞–¥—å –æ—Ç 5 –¥–æ 1000 –∫–≤.–º–µ—Ç—Ä–æ–≤.  –î–æ—Å—Ç–∞–≤–∫–∞ –ø–æ –≥–æ—Ä–æ–¥—É  –û–ø–ª–∞—Ç–∞ –∫—É—Ä—å–µ—Ä—É –ø—Ä–∏ –ø–æ–ª—É—á–µ–Ω–∏–∏  –í —Ä–æ–∑–Ω–∏—Ü—É –≤ –Ω–∞–ª–∏—á–∏–∏:  4990 - –Ω–∞ –ø–ª–æ—â–∞–¥—å –¥–æ 30–º2  5500 - –Ω–∞ –ø–ª–æ—â–∞–¥—å –¥–æ 30–º2 - —Å —Ç–∞–π–º–µ—Ä–æ–º –Ω–∞—Ä–∞–±–æ—Ç–∫–∏ —á–∞—Å–æ–≤  5990 - –Ω–∞ –ø–ª–æ—â–∞–¥—å –¥–æ 30–º2 - –Ω–∞–ø–æ–ª—å–Ω—ã–π  6990 - –Ω–∞ –ø–ª–æ—â–∞–¥—å –¥–æ 70–º2  7590 - –Ω–∞ –ø–ª–æ—â–∞–¥—å –¥–æ 100–º2  7990 - –Ω–∞ –ø–ª–æ—â–∞–¥—å –¥–æ 120–º2  –° –ú–æ—Å–∫–≤—ã:  2990 - –Ω–∞ –ø–ª–æ—â–∞–¥—å –¥–æ 30–º2  4490 - –Ω–∞ –ø–ª–æ—â–∞–¥—å –¥–æ 70–º2  4990 - –Ω–∞ –ø–ª–æ—â–∞–¥—å –¥–æ 140–º2  6990 - –Ω–∞ –ø–ª–æ—â–∞–¥—å –¥–æ 280–º2  5990 - –Ω–∞ –ø–ª–æ—â–∞–¥—å –¥–æ 30–º2 —Å –†–µ–≥–∏—Å—Ç—Ä–∞—Ü–∏–æ–Ω–Ω—ã–º —É–¥–æ—Å—Ç–æ–≤–µ—Ä–µ–Ω–∏–µ–º  2250 - –∑–∞ 1 —à—Ç. –æ–ø—Ç–æ–º –æ—Ç 100 —à—Ç—É–∫  1990 - –∑–∞ 1 —à—Ç—É–∫—É –ø–æ–¥ –∑–∞–∫–∞–∑ –æ—Ç 500 —à—Ç—É–∫  –õ–∞–º–ø–∞ 8, 9, 15, 30 –≤–∞—Ç—Ç. –≠—Ñ—Ñ–µ–∫—Ç–∏–≤–µ–Ω –Ω–∞ –ø–ª–æ—â–∞–¥–∏ –¥–æ 380 –∫–≤.–º. –ø–æ–º–µ—â–µ–Ω–∏—è. –û–±—Ä–∞–±–∞—Ç—ã–≤–∞–µ—Ç –≤–æ–∑–¥—É—Ö –æ–±—ä–µ–º–æ–º 380 –∫—É–±.–º. –≤ —á–∞—Å.  –ü–û–õ–ù–´–ô –ö–û–ú–ü–õ–ï–ö–¢ –î–û–ö–£–ú–ï–ù–¢–û–í –¥–ª—è –†–æ—Å–ø–æ—Ç—Ä–µ–±–Ω–∞–¥–∑–æ—Ä–∞.  –†–µ–≥–∏—Å—Ç—Ä–∞—Ü–∏–æ–Ω–Ω–æ–µ —É–¥–æ—Å—Ç–æ–≤–µ—Ä–µ–Ω–∏–µ, —Å–µ—Ä—Ç–∏—Ñ–∏–∫–∞—Ç, –¥–µ–∫–ª–∞—Ä–∞—Ü–∏—è.  –ó–∞—â–∏—â–∞–µ—Ç –æ—Ç –≤–∏—Ä—É—Å–æ–≤ | –±–∞–∫—Ç–µ—Ä–∏–π | –º–∏–∫—Ä–æ–±–æ–≤ | –ø–ª–µ—Å–µ–Ω–∏ –Ω–∞ 99,59%.  –ë–µ–∑–æ–ø–∞—Å–µ–Ω –¥–ª—è –ª—é–¥–µ–π / –∂–∏–≤–æ—Ç–Ω—ã—Ö / —Ä–∞—Å—Ç–µ–Ω–∏–π –Ω–∞ 100%.  –ü—Ä–µ–¥–Ω–∞–∑–Ω–∞—á–µ–Ω –¥–ª—è –æ–±–µ–∑–∑–∞—Ä–∞–∂–∏–≤–∞–Ω–∏—è –≤–æ–∑–¥—É—à–Ω–æ–π —Å—Ä–µ–¥—ã –≤ –ø–æ–º–µ—â–µ–Ω–∏—è—Ö —Å –±–æ–ª—å—à–∏–º –∫–æ–ª–∏—á–µ—Å—Ç–≤–æ–º –ª—é–¥–µ–π.  –†–∞–∑—Ä–µ—à–µ–Ω–æ –∏—Å–ø–æ–ª—å–∑–æ–≤–∞—Ç—å –≤ –ø—Ä–∏—Å—É—Ç—Å—Ç–≤–∏–∏ –ª—é–¥–µ–π. –ö–≤–∞—Ä—Ç–∏—Ä—ã/–¥–æ–º–∞, –¥–µ—Ç—Å–∫–∏–µ —Å–∞–¥—ã, —à–∫–æ–ª—ã, –æ—Ñ–∏—Å—ã, –∫–∞—Ñ–µ/—Ä–µ—Å—Ç–æ—Ä–∞–Ω—ã, —Ñ–∏—Ç–Ω–µ—Å —Ü–µ–Ω—Ç—Ä—ã, –≥–æ—Å—Ç–∏–Ω–∏—Ü—ã, –º–∞–≥–∞–∑–∏–Ω—ã, —Ç–æ—Ä–≥–æ–≤—ã–µ —Ü–µ–Ω—Ç—Ä—ã, –±–∞–Ω–∫–∏, —Å–∞–ª–æ–Ω—ã –∫—Ä–∞—Å–æ—Ç—ã –∏ —Ç.–¥.  –ú—ã - –ø—Ä–æ–∏–∑–≤–æ–¥–∏—Ç–µ–ª—å –ø—Ä–æ–¥—É–∫—Ü–∏–∏, –∑–∞ –∫–∞—á–µ—Å—Ç–≤–æ –∏ —Ü–µ–Ω—ã –æ—Ç–≤–µ—á–∞–µ–º. –ù–∞–π–¥–µ—Ç–µ –ø—Ä–µ–¥–ª–æ–∂–µ–Ω–∏–µ –ª—É—á—à–µ - —Å–¥–µ–ª–∞–µ–º —Å–∫–∏–¥–∫—É.  –í—Å—è –¥–æ–∫—É–º–µ–Ω—Ç–∞—Ü–∏—è, —Å–µ—Ä—Ç–∏—Ñ–∏–∫–∞—Ç —Å–æ–æ—Ç–≤–µ—Ç—Å—Ç–≤–∏—è, –ø–∞—Å–ø–æ—Ä—Ç.  –†–∞–∑–º–µ—â–µ–Ω–∏–µ –Ω–∞—Å—Ç–µ–Ω–Ω–æ–µ –∏–ª–∏ –Ω–∞–ø–æ–ª—å–Ω–æ–µ.  –ì–∞—Ä–∞–Ω—Ç–∏—è 12 –º–µ—Å—è—Ü–µ–≤.  –†–æ–∑–Ω–∏—Ü–∞ –∏ –æ–ø—Ç. –õ—é–±–∞—è —Ñ–æ—Ä–º–∞ –æ–ø–ª–∞—Ç—ã. –ë–µ—Å–ø–ª–∞—Ç–Ω–∞—è –¥–æ—Å—Ç–∞–≤–∫–∞ –ø–æ –≥–æ—Ä–æ–¥—É –∏–ª–∏ —Å–∞–º–æ–≤—ã–≤–æ–∑. –û—Ç–ø—Ä–∞–≤–∫–∞ –≤–æ –≤—Å–µ —Ä–µ–≥–∏–æ–Ω—ã –†–§.  –ó–≤–æ–Ω–∏—Ç–µ , –ø–∏—à–∏—Ç–µ –≤ —Å–æ–æ–±—â–µ–Ω–∏—è , –æ—Ç–≤–µ—á–∞–µ–º –º–≥–Ω–æ–≤–µ–Ω–Ω–æ.  —Ä–µ—Ü–∏—Ä–∫—É–ª—è—Ç–æ—Ä —Ä–µ—Ü–∏—Ä–∫—É–ª—è—Ç–æ—Ä –±–∞–∫—Ç–µ—Ä–∏—Ü–∏–¥–Ω—ã–π —Ä–µ—Ü–∏—Ä–∫—É–ª—è—Ç–æ—Ä –≤–æ–∑–¥—É—Ö–∞ –æ–±–ª—É—á–∞—Ç–µ–ª—å —Ä–µ—Ü–∏—Ä–∫—É–ª—è—Ç–æ—Ä –∫—É–ø–∏—Ç—å —Ä–µ—Ü–∏—Ä–∫—É–ª—è—Ç–æ—Ä —Ä–µ—Ü–∏—Ä–∫—É–ª—è—Ç–æ—Ä –≤–æ–∑–¥—É—Ö–∞ –±–∞–∫—Ç–µ—Ä–∏—Ü–∏–¥–Ω—ã–π —Ä–µ—Ü–∏—Ä–∫—É–ª—è—Ç–æ—Ä—ã –±–∞–∫—Ç–µ—Ä–∏—Ü–∏–¥–Ω—ã–µ –∫—É–ø–∏—Ç—å –æ–±–ª—É—á–∞—Ç–µ–ª—å —Ä–µ—Ü–∏—Ä–∫—É–ª—è—Ç–æ—Ä –±–∞–∫—Ç–µ—Ä–∏—Ü–∏–¥–Ω—ã–π —Ä–µ—Ü–∏—Ä–∫—É–ª—è—Ç–æ—Ä –æ–±–µ–∑–∑–∞—Ä–∞–∂–∏–≤–∞–Ω–∏–µ —Ä–µ—Ü–∏—Ä–∫—É–ª—è—Ç–æ—Ä –∞—Ä–º–µ–¥ —Ä–µ—Ü–∏—Ä–∫—É–ª—è—Ç–æ—Ä –±–∞–∫—Ç–µ—Ä–∏—Ü–∏–¥–Ω—ã–π +–¥–ª—è –æ–±–µ–∑–∑–∞—Ä–∞–∂–∏–≤–∞–Ω–∏—è —Ä–µ—Ü–∏—Ä–∫—É–ª—è—Ç–æ—Ä—ã +–¥–ª—è –æ–±–µ–∑–∑–∞—Ä–∞–∂–∏–≤–∞–Ω–∏—è –≤–æ–∑–¥—É—Ö–∞ —Ä–µ—Ü–∏—Ä–∫—É–ª—è—Ç–æ—Ä –±–∞–∫—Ç–µ—Ä–∏—Ü–∏–¥–Ω—ã–π +–¥–ª—è –æ–±–µ–∑–∑–∞—Ä–∞–∂–∏–≤–∞–Ω–∏—è –≤–æ–∑–¥—É—Ö–∞ —Ä–µ—Ü–∏—Ä–∫—É–ª—è—Ç–æ—Ä –¥–µ–∑–∞—Ä —Ä–µ—Ü–∏—Ä–∫—É–ª—è—Ç–æ—Ä –≤–æ–∑–¥—É—Ö–∞ –∫—É–ø–∏—Ç—å —Ä–µ—Ü–∏—Ä–∫—É–ª—è—Ç–æ—Ä —É–ª—å—Ç—Ä–∞—Ñ–∏–æ–ª–µ—Ç–æ–≤—ã–π –ª–∞–º–ø–∞ —Ä–µ—Ü–∏—Ä–∫—É–ª—è—Ç–æ—Ä —Ä–µ—Ü–∏—Ä–∫—É–ª—è—Ç–æ—Ä —Ä–µ—Ü–∏—Ä–∫—É–ª—è—Ç–æ—Ä —Ä–µ—Ü–∏—Ä–∫—É–ª—è—Ç–æ—Ä –Ω–∞—Å—Ç–µ–Ω–Ω—ã–π —Ç–∏–ø—ã —Ä–µ—Ü–∏—Ä–∫—É–ª—è—Ç–æ—Ä–æ–≤ —Ä–µ—Ü–∏—Ä–∫—É–ª—è—Ç–æ—Ä—ã –≤–æ–∑–¥—É—Ö–∞ –±–∞–∫—Ç–µ—Ä–∏—Ü–∏–¥–Ω—ã–µ –∫—É–ø–∏—Ç—å –∑–∞–∫—Ä—ã—Ç—ã–π —Ä–µ—Ü–∏—Ä–∫—É–ª—è—Ç–æ—Ä –æ–±–ª—É—á–∞—Ç–µ–ª—å —Ä–µ—Ü–∏—Ä–∫—É–ª—è—Ç–æ—Ä –¥–µ–∑–∞—Ä —Ä–µ—Ü–∏—Ä–∫—É–ª—è—Ç–æ—Ä –ø–µ—Ä–µ–¥–≤–∏–∂–Ω–æ–π —Ä–∞–±–æ—Ç–∞ —Ä–µ—Ü–∏—Ä–∫—É–ª—è—Ç–æ—Ä–∞ —Ä–µ—Ü–∏—Ä–∫—É–ª—è—Ç–æ—Ä –∑–∞–∫—Ä—ã—Ç–æ–≥–æ —Ç–∏–ø–∞ —É–ª—å—Ç—Ä–∞—Ñ–∏–æ–ª–µ—Ç–æ–≤—ã–π –æ–±–ª—É—á–∞—Ç–µ–ª—å —Ä–µ—Ü–∏—Ä–∫—É–ª—è—Ç–æ—Ä –æ–±–ª—É—á–∞—Ç–µ–ª—å —Ä–µ—Ü–∏—Ä–∫—É–ª—è—Ç–æ—Ä –≤–æ–∑–¥—É—Ö–∞ —Ä–µ—Ü–∏—Ä–∫—É–ª—è—Ç–æ—Ä —Ü–µ–Ω–∞ —Ä–µ—Ü–∏—Ä–∫—É–ª—è—Ç–æ—Ä —Ä–µ—Ü–∏—Ä–∫—É–ª—è—Ç–æ—Ä +–¥–ª—è –¥–æ–º–∞ —Ä–µ—Ü–∏—Ä–∫—É–ª—è—Ç–æ—Ä—ã –∏–Ω—Å—Ç—Ä—É–∫—Ü–∏—è —É–ª—å—Ç—Ä–∞—Ñ–∏–æ–ª–µ—Ç–æ–≤—ã–π –±–∞–∫—Ç–µ—Ä–∏—Ü–∏–¥–Ω—ã–π —Ä–µ—Ü–∏—Ä–∫—É–ª—è—Ç–æ—Ä —É—Ñ —Ä–µ—Ü–∏—Ä–∫—É–ª—è—Ç–æ—Ä —Ä–µ—Ü–∏—Ä–∫—É–ª—è—Ç–æ—Ä –∞—Ä–º–µ–¥ —Ä–µ—Ü–∏—Ä–∫—É–ª—è—Ç–æ—Ä –∫—Ä–æ–Ω—Ç –∫—É–ø–∏—Ç—å —Ä–µ—Ü–∏—Ä–∫—É–ª—è—Ç–æ—Ä –æ–±–ª—É—á–∞—Ç–µ–ª—å —Ä–µ—Ü–∏—Ä–∫—É–ª—è—Ç–æ—Ä –±–∞–∫—Ç–µ—Ä–∏—Ü–∏–¥–Ω—ã–π –Ω–∞—Å—Ç–µ–Ω–Ω—ã–π —Ä–µ—Ü–∏—Ä–∫—É–ª—è—Ç–æ—Ä –º–µ–¥–∏—Ü–∏–Ω—Å–∫–∏–π –º–µ–≥–∏–¥–µ–∑ —Ä–µ—Ü–∏—Ä–∫—É–ª—è—Ç–æ—Ä —É–ª—å—Ç—Ä–∞—Ñ–∏–æ–ª–µ—Ç–æ–≤—ã–π —Ä–µ—Ü–∏—Ä–∫—É–ª—è—Ç–æ—Ä –≤–æ–∑–¥—É—Ö–∞ –ª–∞–º–ø–∞ —Ä–µ—Ü–∏—Ä–∫—É–ª—è—Ç–æ—Ä –±–∞–∫—Ç–µ—Ä–∏—Ü–∏–¥–Ω—ã–π —Ä–µ—Ü–∏—Ä–∫—É–ª—è—Ç–æ—Ä +–¥–ª—è –ø–æ–º–µ—â–µ–Ω–∏–π —Ç–∏–ø—ã –±–∞–∫—Ç–µ—Ä–∏—Ü–∏–¥–Ω—ã—Ö —Ä–µ—Ü–∏—Ä–∫—É–ª—è—Ç–æ—Ä–æ–≤ –æ–±–ª—É—á–∞—Ç–µ–ª—å —Ä–µ—Ü–∏—Ä–∫—É–ª—è—Ç–æ—Ä –Ω–∞—Å—Ç–µ–Ω–Ω—ã–π —Ä–µ—Ü–∏—Ä–∫—É–ª—è—Ç–æ—Ä –±–∞–∫—Ç–µ—Ä–∏—Ü–∏–¥–Ω—ã–π –∑–∞–∫—Ä—ã—Ç—ã–π –æ–±–ª—É—á–∞—Ç–µ–ª—å —Ä–µ—Ü–∏—Ä–∫—É–ª—è—Ç–æ—Ä –∫—Ä–æ–Ω—Ç –æ–±–ª—É—á–∞—Ç–µ–ª—å —Ä–µ—Ü–∏—Ä–∫—É–ª—è—Ç–æ—Ä –≤–æ–∑–¥—É—Ö–∞ –±–∞–∫—Ç–µ—Ä–∏—Ü–∏–¥–Ω—ã–π —Ä–µ—Ü–∏—Ä–∫—É–ª—è—Ç–æ—Ä –±–∞–∫—Ç–µ—Ä–∏—Ü–∏–¥–Ω—ã–π –∑–∞–∫—Ä—ã—Ç–æ–≥–æ —Ç–∏–ø–∞  –æ–±–ª—É—á–∞—Ç–µ–ª—å –±–∞–∫—Ç–µ—Ä–∏—Ü–∏–¥–Ω—ã–π –±–∞–∫—Ç–µ—Ä–∏—Ü–∏–¥–Ω—ã–π –ª–∞–º–ø–∞ —É–ª—å—Ç—Ä–∞—Ñ–∏–æ–ª–µ—Ç–æ–≤—ã–π –±–∞–∫—Ç–µ—Ä–∏—Ü–∏–¥–Ω—ã–π –æ–±–ª—É—á–∞—Ç–µ–ª—å —É–ª—å—Ç—Ä–∞—Ñ–∏–æ–ª–µ—Ç–æ–≤—ã–π –±–∞–∫—Ç–µ—Ä–∏—Ü–∏–¥–Ω—ã–π –Ω–∞—Å—Ç–µ–Ω–Ω—ã–π –æ–±–ª—É—á–∞—Ç–µ–ª—å –¥–µ–∑–∞—Ä –¥–µ–∑–∞—Ä –æ–±–ª—É—á–∞—Ç–µ–ª—å –±–∞–∫—Ç–µ—Ä–∏—Ü–∏–¥–Ω—ã–π –Ω–∞—Å—Ç–µ–Ω–Ω—ã–π –¥–µ–∑–∞—Ä –∫—Ä–æ–Ω—Ç –æ–±–ª—É—á–∞—Ç–µ–ª—å —É–ª—å—Ç—Ä–∞—Ñ–∏–æ–ª–µ—Ç–æ–≤—ã–π –±–∞–∫—Ç–µ—Ä–∏—Ü–∏–¥–Ω—ã–π –∫–≤–∞—Ä—Ü–µ–≤—ã–π –ª–∞–º–ø–∞ –≤–æ–∑–¥—É—Ö –æ–±–µ–∑–∑–∞—Ä–∞–∂–∏–≤–∞—Ç–µ–ª—å –∫—É–ø–∏—Ç—å –±–∞–∫—Ç–µ—Ä–∏—Ü–∏–¥–Ω—ã–π –æ–±–ª—É—á–∞—Ç–µ–ª—å –±–∞–∫—Ç–µ—Ä–∏—Ü–∏–¥–Ω—ã–π –æ–±–Ω",–í–æ—Ä–æ–Ω–µ–∂,–í–æ—Ä–æ–Ω–µ–∂,–í–æ—Ä–æ–Ω–µ–∂—Å–∫–∞—è –æ–±–ª–∞—Å—Ç—å,1990.000000000000000,https://65.img.avito.st/640x480/11730060165.jpg,https://avito.ru/2229753392?utm_medium=cpc&avito_campaign_id=1232320950223423484&utm_source=buzzoola&utm_campaign=web_buzzoola_buyers_b2b_common_all_network_15082021_any_none_b2b,2115671,121813,"Lifestyles & Hobbies/Business Professionals,Beauty & Wellness/Frequently Visits Salons,Sports & Fitness/Sports Fans,Green Living Enthusiasts,Home & Garden/Do-It-Yourselfers"
2223684055,General,General.HealthAndBeauty,–ö—Ä–∞—Å–æ—Ç–∞ –∏ –∑–¥–æ—Ä–æ–≤—å–µ,–ö–æ—Å–º–µ—Ç–∏–∫–∞,,,Chanel –ø—É–¥—Ä–∞ –Ω–æ–≤–∞—è,"üßö‚Äç‚ôÄÔ∏è–ö–æ–º–ø–∞–∫—Ç–Ω–∞—è –ø—É–¥—Ä–∞ —à–∞–Ω–µ–ª—å - –ï—Å—Ç–µ—Å—Ç–≤–µ–Ω–Ω—ã–π –º–∞–∫–∏—è–∂. –ù–µ–≤–µ—Å–æ–º–∞—è, —É–ª—å—Ç—Ä–∞—Ç–æ–Ω–∫–∞—è –∫–æ–º–ø–∞–∫—Ç–Ω–∞—è –ø—É–¥—Ä–∞, –∫–æ—Ç–æ—Ä–∞—è –ø—Ä–∏–¥–∞–µ—Ç –∫–æ–∂–µ –º–∞—Ç–æ–≤–æ—Å—Ç—å –∏ —É–ª—É—á—à–∞–µ—Ç –µ–µ –º–∏–∫—Ä–æ—Ä–µ–ª—å–µ—Ñ. –ï—Å—Ç–µ—Å—Ç–≤–µ–Ω–Ω—ã–π, —Ä–æ–≤–Ω—ã–π, —Å–∏—è—é—â–∏–π —Ü–≤–µ—Ç –ª–∏—Ü–∞.üôãüèº‚Äç‚ôÄÔ∏è –î–æ—Ä–æ–≥–∏–µ –¥—Ä—É–∑—å—è, –≥–∞—Ä–∞–Ω—Ç–∏—Ä—É—é –í—ã—Å–æ–∫–æ–µ –∫–∞—á–µ—Å—Ç–≤–æ, –ø—Ä–∏ —Å–∞–º–æ–π —Å–∞–º–æ–π –Ω–µ –ø—Ä–∏–ª–∏—á–Ω–æ –Ω–∏–∑–∫–æ–π —Ü–µ–Ω–µ!!!  üíé –ì–∞—Ä–∞–Ω—Ç–∏—Ä—É—é –û—Ä–∏–≥–∏–Ω–∞–ª—å–Ω–æ–µ –∫–∞—á–µ—Å—Ç–≤–æ!  üñ§ –ó–∞–≥–ª—è–Ω–∏—Ç–µ –≤ –º–æ–π –ø—Ä–æ—Ñ–∏–ª—å, –ø–æ–¥–ø–∏—à–∏—Å—å, —á—Ç–æ –± –Ω–µ –ø—Ä–æ–ø—É—Å—Ç—å –º–æ–¥–Ω—ã–µ –Ω–æ–≤–∏–Ω–∫–∏ –∏ —Å–∞–º—ã–µ –≤—ã–≥–æ–¥–Ω—ã–µ —Ä–∞—Å–ø—Ä–æ–¥–∞–∂–∏!   üì∏ –í—Å–µ —Ñ–æ—Ç–æ —Å–¥–µ–ª–∞–Ω—ã –º–Ω–æ—é –ª–∏—á–Ω–æ –¥–ª—è –í–∞—Å!   üéÅ –í—Å–µ –Ω–æ–≤–æ–µ, –∏–¥–µ–∞–ª—å–Ω–æ –ø–æ–¥—Ö–æ–¥–∏—Ç –≤ –∫–∞—á–µ—Å—Ç–≤–µ –ø–æ–¥–∞—Ä–∫–∞, –≤ —Å–ª—é–¥–µ –∏ —É–ø–∞–∫–æ–≤–∫–µ, –±—Ä–µ–Ω–¥–æ–≤—ã—Ö –ø–∞–∫–µ—Ç–∞—Ö, –∫–æ—Ä–æ–±–æ—á–∫–∞—Ö  ‚ùó–ï—Å—Ç—å –∏–Ω—Å—Ç–∞–≥—Ä–∞ vrn_parfum_136   üöö–î–æ—Å—Ç–∞–≤–∫–∞ –≤ —Ç–µ—á–µ–Ω–∏–∏ —á–∞—Å–∞ –ø–æ –í–æ—Ä–æ–Ω–µ–∂—É!   üì¶–ü–µ—Ä–µ—Å—ã–ª –ø–æ –í—Å–µ–π –°—Ç—Ä–∞–Ω–µ!   üî•–í—Å–µ—Ö –º–æ–∏—Ö –ø–æ–∫—É–ø–∞—Ç–µ–ª–µ–π –∂–¥—É—Ç —Å–∫–∏–¥–∫–∏, –ø–æ–¥–∞—Ä–∫–∏, –ø—Ä–∏—è—Ç–Ω—ã–µ —Å—é—Ä–ø—Ä–∏–∑—ã!",–í–æ—Ä–æ–Ω–µ–∂,–í–æ—Ä–æ–Ω–µ–∂,–í–æ—Ä–æ–Ω–µ–∂—Å–∫–∞—è –æ–±–ª–∞—Å—Ç—å,690.000000000000000,https://21.img.avito.st/640x480/11767244821.jpg,https://avito.ru/2223684055?utm_medium=cpc&avito_campaign_id=1232320950223423484&utm_source=buzzoola&utm_campaign=web_buzzoola_buyers_b2b_common_all_network_15082021_any_none_b2b,174976049,121813,"Lifestyles & Hobbies/Business Professionals,Beauty & Wellness/Frequently Visits Salons,Sports & Fitness/Sports Fans,Green Living Enthusiasts,Home & Garden/Do-It-Yourselfers"
2233131778,General,General.HealthAndBeauty,–ö—Ä–∞—Å–æ—Ç–∞ –∏ –∑–¥–æ—Ä–æ–≤—å–µ,–ü—Ä–∏–±–æ—Ä—ã –∏ –∞–∫—Å–µ—Å—Å—É–∞—Ä—ã,,,–°—Ç–∞—Ä—Ç–æ–≤—ã–π –Ω–∞–±–æ—Ä shellac –±–ª—é—Å–∫–∞–π,"#–ê–∫—Ü–∏—è –Ω–∞–±–æ—Ä —Å –ª–∞–º–ø–∞ —Å–∞–Ω –• 54–≤–∞—Ç—Ç –∏ —Å –ª–∞–∫–∏ –±–ª—É—Å–∫–∞–π ü§óü§ó  –¶–µ–Ω–∞ –∑–∞ –Ω–∞–±–æ—Ä:2Ô∏è‚É£8Ô∏è‚É£9Ô∏è‚É£9Ô∏è‚É£‚ÇΩüòçüíÉüíÉüíÉüíÉ  1)–õ–∞–º–ø–∞ UV LED 48–í–∞—Ç—Ç   2)–ì–µ–ª—å –ª–∞–∫ –ë–ª—É—Å–∫–∞–π 8—à—Ç —Ä–∞–∑–Ω—ã—Ö —Ü–≤–µ—Ç–æ–≤   3)–ë–∞–∑–∞ –∏ —Ç–æ–ø –ë–ª—É—Å–∫–∞–π   4)–ñ–∏–¥–∫–æ—Å—Ç—å –¥–ª—è —Å–Ω—è—Ç–∏—è —à–µ–ª–ª–∞–∫–∞ –∏ –≥–µ–ª—å –ª–∞–∫–∞   5)–°—Ä–µ–¥—Å—Ç–≤–∞ –¥–ª—è –æ–±–µ–∑–∂–∏—Ä–∏–≤–∞–Ω–∏—è –Ω–æ–≥—Ç–µ–π –∏ —Å–Ω—è—Ç—å –ª–∏–ø–∫–æ–π —Å–ª–æ–π   6)–ü–∏–ª–∫–∞ –¥–ª—è —à–ª–∏—Ñ–æ–≤–∫–∏   7)–ë–∞—Ñ –¥–ª–∏–Ω–Ω—ã–π –¥–ª—è –ø–æ–ª–∏—Ä–æ–≤–∫–∏   8)–ë–∞—Ñ–∏–∫ —á–µ—Ç—ã—Ä–µ—Ö —Å—Ç–æ—Ä–æ–Ω—ã   9)–©—ë—Ç–∫–∞ –º–∞–ª–µ–Ω—å–∫–∞—è –Ω–∞ –ø–∞–ª–µ—Ü   10)–ê–ø–µ–ª—å—Å–∏–Ω–æ–≤—ã–µ –ø–∞–ª–æ—á–∫–∏ 10—à—Ç  11)–ë–µ–∑–≤–æ—Ä—Å–æ–≤—ã–µ —Å–∞–ª—Ñ–µ—Ç–∫–∏ 110—à—Ç.  12)—Å—Ç—Ä–∞–∑—ã –∏ –±—É–ª—å–æ–Ω–∫–∏  –í—Å–µ –º–∞—Ç–µ—Ä–∏–∞–ª—ã —Ö–æ—Ä–æ—à–µ–≥–æ –∫–∞—á–µ—Å—Ç–≤–∞, —Å—Ä–æ–∫ –≥–æ–¥–Ω–æ—Å—Ç–∏ –Ω–∞ –≥–µ–ª—å –ª–∞–∫–∏ üëçüëçüëç",–í–æ—Ä–æ–Ω–µ–∂,–í–æ—Ä–æ–Ω–µ–∂,–í–æ—Ä–æ–Ω–µ–∂—Å–∫–∞—è –æ–±–ª–∞—Å—Ç—å,2899.000000000000000,https://70.img.avito.st/640x480/11773243270.jpg,https://avito.ru/2233131778?utm_medium=cpc&avito_campaign_id=1232320950223423484&utm_source=buzzoola&utm_campaign=web_buzzoola_buyers_b2b_common_all_network_15082021_any_none_b2b,173534363,121813,"Lifestyles & Hobbies/Business Professionals,Beauty & Wellness/Frequently Visits Salons,Sports & Fitness/Sports Fans,Green Living Enthusiasts,Home & Garden/Do-It-Yourselfers"
2201407257,General,General.HealthAndBeauty,–ö—Ä–∞—Å–æ—Ç–∞ –∏ –∑–¥–æ—Ä–æ–≤—å–µ,–ü—Ä–∏–±–æ—Ä—ã –∏ –∞–∫—Å–µ—Å—Å—É–∞—Ä—ã,,,–ê–ø–ø–∞—Ä–∞—Ç –¥–ª—è –º–∞–Ω–∏–∫—é—Ä–∞ strong 210,"–ê–ü–ü–ê–†–ê–¢ –°–¢–†–û–ù–ì 210 –î–õ–Ø –ú–ê–ù–ò–ö–Æ–†–ê –ò –ü–ï–î–ò–ö–Æ–†–ê  –ê–ø–ø–∞—Ä–∞—Ç Strong 210/105 –¥–ª—è –º–∞–Ω–∏–∫—é—Ä–∞ –∏ –ø–µ–¥–∏–∫—é—Ä–∞   –ê–ø–ø–∞—Ä–∞—Ç Strong 210 / 105L –ø—Ä–µ–¥–Ω–∞–∑–Ω–∞—á–µ–Ω –¥–ª—è –º–∞–Ω–∏–∫—é—Ä–∞, –ø–µ–¥–∏–∫—é—Ä–∞ –∏ –Ω–∞—Ä–∞—â–∏–≤–∞–Ω–∏—è –Ω–æ–≥—Ç–µ–∏ÃÜ. –ü–æ–¥—Ö–æ–¥–∏—Ç –∫–∞–∫ –¥–ª—è —Ä–∞–±–æ—Ç—ã –≤ —Å–∞–ª–æ–Ω–µ —Å –≤—ã—Å–æ–∫–æ–∏ÃÜ –ø–æ—Å–µ—â–∞–µ–º–æ—Å—Ç—å—é –∫–ª–∏–µ–Ω—Ç–æ–≤, —Ç–∞–∫ –∏ –¥–æ–º–∞. –ú–æ—â–Ω–æ—Å—Ç—å –º–∏–∫—Ä–æ–º–æ—Ç–æ—Ä–∞ —Å—Ç–∞–Ω–∫–∞ 65 –í—Ç, —á—Ç–æ –¥–∞–µ—Ç –≤–æ–∑–º–æ–∂–Ω–æ—Å—Ç—å –∏—Å–ø–æ–ª—å–∑–æ–≤–∞—Ç—å –µ–≥–æ –¥–ª—è –º–∞–Ω–∏–∫—é—Ä–∞ –∏ –ø–µ–¥–∏–∫—é—Ä–∞. –°–∫–æ—Ä–æ—Å—Ç—å –≤—Ä–∞—â–µ–Ω–∏—è - 35000 –æ–± / –º–∏–Ω, —É—Å—Ç—Ä–æ–∏ÃÜ—Å—Ç–≤–æ –∏–º–µ–µ—Ç —Ä–µ–≤–µ—Ä—Å–∏–≤–Ω—É—é —Ñ—É–Ω–∫—Ü–∏—é. –í —Å—Ç–∞–Ω–∫–µ –µ—Å—Ç—å —Ü–∞–Ω–≥–æ–≤—ã–∏ÃÜ —Ä–µ–∂–∏–º —Å–º–µ–Ω—ã —Ñ—Ä–µ–∑—ã, —á—Ç–æ –ø–æ–∑–≤–æ–ª—è–µ—Ç –º–∞—Å—Ç–µ—Ä—É –±—ã—Å—Ç—Ä–æ –∏ –ª–µ–≥–∫–æ –∑–∞–º–µ–Ω–∏—Ç—å –Ω–∞—Å–∞–¥–∫—É (–∑–∞—Ç—Ä–∞—Ç–∏–≤ –Ω–µ –±–æ–ª–µ–µ 3 —Å–µ–∫—É–Ω–¥). –†—É–∫–æ—è—Ç–∫–∞ –Ω–µ –Ω–∞–≥—Ä–µ–≤–∞–µ—Ç—Å—è, –±–ª–∞–≥–æ–¥–∞—Ä—è —Å–ø–µ—Ü–∏–∞–ª—å–Ω–æ–º—É –≤–æ–∑–¥—É—Ö–æ–∑–∞–±–æ—Ä–Ω–∏–∫—É, –∫–æ—Ç–æ—Ä—ã–∏ÃÜ –∏–º–µ–µ—Ç –Ω–∞–∫–æ–Ω–µ—á–Ω–∏–∫ –∞–ø–ø–∞—Ä–∞—Ç–∞ Str–æng.   –î–ª—è —É–¥–æ–±—Å—Ç–≤–∞ –º–∞—Å—Ç–µ—Ä–∞ –Ω–∞ –∫–æ—Ä–ø—É—Å–µ —É—Å—Ç—Ä–æ–∏ÃÜ—Å—Ç–≤–∞ —Ä–∞—Å–ø–æ–ª–∞–≥–∞–µ—Ç—Å—è —Ñ—É—Ç–ª—è—Ä –¥–ª—è —Ñ—Ä–µ–∑, —á—Ç–æ–±—ã –ø–æ–¥ —Ä—É–∫–æ–∏ÃÜ –±—ã–ª–∏ —Å–∞–º—ã–µ –Ω–µ–æ–±—Ö–æ–¥–∏–º—ã–µ –Ω–∞—Å–∞–¥–∫–∏. –¢–∞–∫–∂–µ –ø–æ–ª–Ω–æ—Å—Ç—å—é –∏—Å–∫–ª—é—á–µ–Ω–∞ –≤–∏–±—Ä–∞—Ü–∏—è —Å—Ç–∞–Ω–∫–∞ –ø—Ä–∏ —Ä–∞–±–æ—Ç–µ, —Ç–∞–∫ –∫–∞–∫ –≤ –∫–æ–Ω—Å—Ç—Ä—É–∫—Ü–∏–∏ –º–∏–∫—Ä–æ–º–æ—Ç–æ—Ä–∞ –µ—Å—Ç—å 4 –ø–æ–¥—à–∏–ø–Ω–∏–∫–∞, –Ω–µ –¥–æ–ø—É—Å–∫–∞—é—â–∏–µ –≤–∏–±—Ä–∞—Ü–∏–∏ —Ñ—Ä–µ–∑—ã.  –ú–û–©–ù–û–°–¢–¨: 65 –≤–∞—Ç—Ç  –û–ë–û–†–û–¢–û–í: 35000",–í–æ—Ä–æ–Ω–µ–∂,–í–æ—Ä–æ–Ω–µ–∂,–í–æ—Ä–æ–Ω–µ–∂—Å–∫–∞—è –æ–±–ª–∞—Å—Ç—å,5990.000000000000000,https://01.img.avito.st/640x480/11661875901.jpg,https://avito.ru/2201407257?utm_medium=cpc&avito_campaign_id=1232320950223423484&utm_source=buzzoola&utm_campaign=web_buzzoola_buyers_b2b_common_all_network_15082021_any_none_b2b,173534363,121813,"Lifestyles & Hobbies/Business Professionals,Beauty & Wellness/Frequently Visits Salons,Sports & Fitness/Sports Fans,Green Living Enthusiasts,Home & Garden/Do-It-Yourselfers"
2223299534,General,General.HealthAndBeauty,–ö—Ä–∞—Å–æ—Ç–∞ –∏ –∑–¥–æ—Ä–æ–≤—å–µ,–ü–∞—Ä—Ñ—é–º–µ—Ä–∏—è,,,–ü–∞—Ä—Ñ—é–º–µ—Ä–∏—è –Ω–∞–±–æ—Ä Tom Ford 4 —à—Ç –ø–æ 30 –º–ª,"–°–µ–ª–µ–∫—Ç–∏–≤–Ω—ã–π –Ω–∞–±–æ—Ä—á–∏–∫ –¥–ª—è –∂–µ–Ω—â–∏–Ω –∏ –º—É–∂—á–∏–Ω –æ—Ç Tom Ford. 4 —à—Ç –ø–æ 30 –º–ª, –Ω–µ–≤–µ—Ä–æ—è—Ç–Ω–æ –≤—ã–≥–æ–¥–Ω—ã–π —Ñ–æ—Ä–º–∞—Ç!  üôãüèº‚Äç‚ôÄÔ∏è –î–æ—Ä–æ–≥–∏–µ –¥—Ä—É–∑—å—è, –≥–∞—Ä–∞–Ω—Ç–∏—Ä—É—é –í—ã—Å–æ–∫–æ–µ –∫–∞—á–µ—Å—Ç–≤–æ –ø–∞—Ä—Ñ—é–º–µ—Ä–∏–∏, –ø—Ä–∏ —Å–∞–º–æ–π —Å–∞–º–æ–π –Ω–µ –ø—Ä–∏–ª–∏—á–Ω–æ –Ω–∏–∑–∫–æ–π —Ü–µ–Ω–µ!!!  üíé –ì–∞—Ä–∞–Ω—Ç–∏—Ä—É—é –û—Ä–∏–≥–∏–Ω–∞–ª—å–Ω–æ–µ –∫–∞—á–µ—Å—Ç–≤–æ!  üñ§ –ó–∞–≥–ª—è–Ω–∏—Ç–µ –≤ –º–æ–π –ø—Ä–æ—Ñ–∏–ª—å, –ø–æ–¥–ø–∏—à–∏—Å—å, —á—Ç–æ –± –Ω–µ –ø—Ä–æ–ø—É—Å—Ç—å –º–æ–¥–Ω—ã–µ –Ω–æ–≤–∏–Ω–∫–∏ –∏ —Å–∞–º—ã–µ –≤—ã–≥–æ–¥–Ω—ã–µ —Ä–∞—Å–ø—Ä–æ–¥–∞–∂–∏!   üì∏ –í—Å–µ —Ñ–æ—Ç–æ —Å–¥–µ–ª–∞–Ω—ã –º–Ω–æ—é –ª–∏—á–Ω–æ –¥–ª—è –í–∞—Å!   üéÅ –í—Å–µ –Ω–æ–≤–æ–µ, –∏–¥–µ–∞–ª—å–Ω–æ –ø–æ–¥—Ö–æ–¥–∏—Ç –≤ –∫–∞—á–µ—Å—Ç–≤–µ –ø–æ–¥–∞—Ä–∫–∞, –≤ —Å–ª—é–¥–µ –∏ —É–ø–∞–∫–æ–≤–∫–µ, –±—Ä–µ–Ω–¥–æ–≤—ã—Ö –ø–∞–∫–µ—Ç–∞—Ö, –∫–æ—Ä–æ–±–æ—á–∫–∞—Ö  ‚ùó–ï—Å—Ç—å –∏–Ω—Å—Ç–∞–≥—Ä–∞ vrn_parfum_136   üöö–î–æ—Å—Ç–∞–≤–∫–∞ –≤ —Ç–µ—á–µ–Ω–∏–∏ —á–∞—Å–∞ –ø–æ –í–æ—Ä–æ–Ω–µ–∂—É!   üì¶–ü–µ—Ä–µ—Å—ã–ª –ø–æ –í—Å–µ–π –°—Ç—Ä–∞–Ω–µ!   üî•–í—Å–µ—Ö –º–æ–∏—Ö –ø–æ–∫—É–ø–∞—Ç–µ–ª–µ–π –∂–¥—É—Ç —Å–∫–∏–¥–∫–∏, –ø–æ–¥–∞—Ä–∫–∏, –ø—Ä–∏—è—Ç–Ω—ã–µ —Å—é—Ä–ø—Ä–∏–∑—ã!",–í–æ—Ä–æ–Ω–µ–∂,–í–æ—Ä–æ–Ω–µ–∂,–í–æ—Ä–æ–Ω–µ–∂—Å–∫–∞—è –æ–±–ª–∞—Å—Ç—å,2490.000000000000000,https://73.img.avito.st/640x480/11770712873.jpg,https://avito.ru/2223299534?utm_medium=cpc&avito_campaign_id=1232320950223423484&utm_source=buzzoola&utm_campaign=web_buzzoola_buyers_b2b_common_all_network_15082021_any_none_b2b,174976049,121813,"Lifestyles & Hobbies/Business Professionals,Beauty & Wellness/Frequently Visits Salons,Sports & Fitness/Sports Fans,Green Living Enthusiasts,Home & Garden/Do-It-Yourselfers"
2190961019,General,General.HealthAndBeauty,–ö—Ä–∞—Å–æ—Ç–∞ –∏ –∑–¥–æ—Ä–æ–≤—å–µ,–ö–æ—Å–º–µ—Ç–∏–∫–∞,,,"–ë–ª–µ—Å–∫ –¥–ª—è –≥—É–± Tom Ford, –ø–æ–º–∞–¥–∞","üôãüèº‚Äç‚ôÄÔ∏è –î–æ—Ä–æ–≥–∏–µ –¥—Ä—É–∑—å—è, –≥–∞—Ä–∞–Ω—Ç–∏—Ä—É—é –í—ã—Å–æ–∫–æ–µ –∫–∞—á–µ—Å—Ç–≤–æ, –ø—Ä–∏ —Å–∞–º–æ–π —Å–∞–º–æ–π –Ω–µ –ø—Ä–∏–ª–∏—á–Ω–æ –Ω–∏–∑–∫–æ–π —Ü–µ–Ω–µ!!!  üíé –ì–∞—Ä–∞–Ω—Ç–∏—Ä—É—é –û—Ä–∏–≥–∏–Ω–∞–ª—å–Ω–æ–µ –∫–∞—á–µ—Å—Ç–≤–æ!  üñ§ –ó–∞–≥–ª—è–Ω–∏—Ç–µ –≤ –º–æ–π –ø—Ä–æ—Ñ–∏–ª—å, –ø–æ–¥–ø–∏—à–∏—Å—å, —á—Ç–æ –± –Ω–µ –ø—Ä–æ–ø—É—Å—Ç—å –º–æ–¥–Ω—ã–µ –Ω–æ–≤–∏–Ω–∫–∏ –∏ —Å–∞–º—ã–µ –≤—ã–≥–æ–¥–Ω—ã–µ —Ä–∞—Å–ø—Ä–æ–¥–∞–∂–∏!   üì∏ –í—Å–µ —Ñ–æ—Ç–æ —Å–¥–µ–ª–∞–Ω—ã –º–Ω–æ—é –ª–∏—á–Ω–æ –¥–ª—è –í–∞—Å!   üéÅ –í—Å–µ –Ω–æ–≤–æ–µ, –∏–¥–µ–∞–ª—å–Ω–æ –ø–æ–¥—Ö–æ–¥–∏—Ç –≤ –∫–∞—á–µ—Å—Ç–≤–µ –ø–æ–¥–∞—Ä–∫–∞, –≤ —Å–ª—é–¥–µ –∏ —É–ø–∞–∫–æ–≤–∫–µ, –±—Ä–µ–Ω–¥–æ–≤—ã—Ö –ø–∞–∫–µ—Ç–∞—Ö, –∫–æ—Ä–æ–±–æ—á–∫–∞—Ö   –£ –Ω–æ–≤–∏–Ω–∫–∏ –∫–æ–º—Ñ–æ—Ä—Ç–Ω–∞—è –∏ –Ω–µ–ª–∏–ø–∫–∞—è —Ç–µ–∫—Å—Ç—É—Ä–∞ –∂–∏–¥–∫–æ–≥–æ –±–∞–ª—å–∑–∞–º–∞ –∏ —Å–∏—è—é—â–∏–π –±–ª–µ—Å–∫. –í —Å–æ—Å—Ç–∞–≤–µ —Å–æ–¥–µ—Ä–∂–∏—Ç—Å—è 3 –º–∞—Å–ª–∞ ‚Äî –∞–≤–æ–∫–∞–¥–æ, –æ–ª–∏–≤–∫–æ–≤–æ–µ –∏ –∂–æ–∂–æ–±–∞, –ø–∏—Ç–∞—é—â–∏–µ –∏ —É–≤–ª–∞–∂–Ω—è—é—â–∏–µ –≥—É–±—ã, –∞ —Ç–∞–∫–∂–µ —Å–ø–µ—Ü–∏–∞–ª—å–Ω–∞—è –ø—É–¥—Ä–∞, –ø—Ä–∏–¥–∞—é—â–∞—è –≤–æ–∑–¥—É—à–Ω–æ—Å—Ç—å —Ç–µ–∫—Å—Ç—É—Ä–µ.  ‚ùó–ï—Å—Ç—å –∏–Ω—Å—Ç–∞–≥—Ä–∞ vrn_parfum_136   üöö–î–æ—Å—Ç–∞–≤–∫–∞ –≤ —Ç–µ—á–µ–Ω–∏–∏ —á–∞—Å–∞ –ø–æ –í–æ—Ä–æ–Ω–µ–∂—É!   üì¶–ü–µ—Ä–µ—Å—ã–ª –ø–æ –í—Å–µ–π –°—Ç—Ä–∞–Ω–µ!   üî•–í—Å–µ—Ö –º–æ–∏—Ö –ø–æ–∫—É–ø–∞—Ç–µ–ª–µ–π –∂–¥—É—Ç —Å–∫–∏–¥–∫–∏, –ø–æ–¥–∞—Ä–∫–∏, –ø—Ä–∏—è—Ç–Ω—ã–µ —Å—é—Ä–ø—Ä–∏–∑—ã!",–í–æ—Ä–æ–Ω–µ–∂,–í–æ—Ä–æ–Ω–µ–∂,–í–æ—Ä–æ–Ω–µ–∂—Å–∫–∞—è –æ–±–ª–∞—Å—Ç—å,500.000000000000000,https://12.img.avito.st/640x480/11756975612.jpg,https://avito.ru/2190961019?utm_medium=cpc&avito_campaign_id=1232320950223423484&utm_source=buzzoola&utm_campaign=web_buzzoola_buyers_b2b_common_all_network_15082021_any_none_b2b,174976049,121813,"Lifestyles & Hobbies/Business Professionals,Beauty & Wellness/Frequently Visits Salons,Sports & Fitness/Sports Fans,Green Living Enthusiasts,Home & Garden/Do-It-Yourselfers"
2201846579,General,General.HealthAndBeauty,–ö—Ä–∞—Å–æ—Ç–∞ –∏ –∑–¥–æ—Ä–æ–≤—å–µ,–ü—Ä–∏–±–æ—Ä—ã –∏ –∞–∫—Å–µ—Å—Å—É–∞—Ä—ã,,,–§—Ä–µ–∑–µ—Ä 45.000 –æ–± 65 –≤–≤–∞—Ç,"–ê–ü–ü–ê–†–ê–¢ ZS-602 –î–õ–Ø –ú–ê–ù–ò–ö–Æ–†–ê –ò –ü–ï–î–ò–ö–Æ–†–ê  –ê–ø–ø–∞—Ä–∞—Ç –¥–ª—è –º–∞–Ω–∏–∫—é—Ä–∞ –∏ –ø–µ–¥–∏–∫—é—Ä–∞ ZS-602 Nail Drill Pro –∏–º–µ–µ—Ç –¥–æ—Å—Ç–∞—Ç–æ—á–Ω–æ —Å–∏–ª—å–Ω—É—é —Ñ–∞–∫—Ç–∏—á–µ—Å–∫—É—é –º–æ—â–Ω–æ—Å—Ç—å 65 –í—Ç, –ø–æ—ç—Ç–æ–º—É –æ–Ω –∏–¥–µ–∞–ª—å–Ω–æ –ø–æ–¥—Ö–æ–¥–∏—Ç –∫–∞–∫ –¥–ª—è –º–∞–Ω–∏–∫—é—Ä–∞, –æ–±–µ—Å–ø–µ—á–∏–≤–∞—è –ø—Ä–æ—Ñ–µ—Å—Å–∏–æ–Ω–∞–ª—å–Ω—É—é –æ–±—Ä–∞–±–æ—Ç–∫—É –∫—É—Ç–∏–∫—É–ª—ã, –±–æ–∫–æ–≤—ã—Ö –≤—ã—Å—Ç—É–ø–æ–≤, –∫–æ–Ω—á–∏–∫–æ–≤ –ø–∞–ª—å—Ü–µ–≤, —Ç–∞–∫ –∏ –¥–ª—è –ø–µ–¥–∏–∫—é—Ä–∞ –≤ –ø—Ä–æ—Ü–µ—Å—Å–µ –æ–±—Ä–∞–±–æ—Ç–∫–∏ –Ω–∞—Ç–æ–ø—Ç—ã—à–µ–∏ÃÜ. –∏ –æ—Ä–æ–≥–æ–≤–µ–≤—à–∞—è –∫–æ–∂–∞.   –ú–∞–∫—Å–∏–º–∞–ª—å–Ω–∞—è —á–∞—Å—Ç–æ—Ç–∞ –≤—Ä–∞—â–µ–Ω–∏—è —Ñ—Ä–µ–∑—ã 45 000 –æ–± / –º–∏–Ω. –ú–æ–¥–µ–ª—å –æ—Ç–ª–∏—á–∞–µ—Ç—Å—è –∫–æ–º–ø–∞–∫—Ç–Ω–æ—Å—Ç—å—é, –ª–∞–∫–æ–Ω–∏—á–Ω—ã–º –¥–∏–∑–∞–∏ÃÜ–Ω–æ–º –∏ –≤—Å–µ–º–∏ –Ω–µ–æ–±—Ö–æ–¥–∏–º—ã–º–∏ —Ñ—É–Ω–∫—Ü–∏—è–º–∏. –ú–∞—Ä—à—Ä—É—Ç–∏–∑–∞—Ç–æ—Ä–æ–º –º–æ–∂–Ω–æ —É–ø—Ä–∞–≤–ª—è—Ç—å –∫–∞–∫ –≤—Ä—É—á–Ω—É—é, —Ç–∞–∫ –∏ —Å –ø–æ–º–æ—â—å—é —Å–ø–µ—Ü–∏–∞–ª—å–Ω–æ–∏ÃÜ –ø–µ–¥–∞–ª–∏. –ü–æ–¥—Å—Ç–∞–≤–∫–∞ –¥–ª—è —Ä—É—á–∫–∏ —Ä–æ—É—Ç–µ—Ä–∞ –∏ –Ω–∞—Å–∞–¥–∫–∏ - –¥–æ–ø–æ–ª–Ω–∏—Ç–µ–ª—å–Ω—ã–∏ÃÜ –∫–æ–º—Ñ–æ—Ä—Ç –¥–ª—è –º–∞—Å—Ç–µ—Ä–∞. –¢–∞–∫–∂–µ –µ—Å—Ç—å –æ—Ç–≤–µ—Ä—Å—Ç–∏—è –¥–ª—è —Ñ—Ä–µ–∑—ã.   –£—Å—Ç—Ä–æ–∏ÃÜ—Å—Ç–≤–æ —Ä–∞–±–æ—Ç–∞–µ—Ç –Ω–∞ —Ä–∞–∑–Ω—ã—Ö —Å–∫–æ—Ä–æ—Å—Ç—è—Ö –æ—Ç –º–∏–Ω–∏–º–∞–ª—å–Ω–æ–∏ÃÜ 0 –¥–æ –º–∞–∫—Å–∏–º–∞–ª—å–Ω–æ–∏ÃÜ 45 000 –æ–± / –º–∏–Ω. –ü–ª–∞–≤–Ω—ã–∏ÃÜ –ø–µ—Ä–µ—Ö–æ–¥ —Å–∫–æ—Ä–æ—Å—Ç–µ–∏ÃÜ –æ—Å—É—â–µ—Å—Ç–≤–ª—è–µ—Ç—Å—è —Ä—É—á–∫–æ–∏ÃÜ –Ω–∞ –ø–µ—Ä–µ–¥–Ω–µ–∏ÃÜ –ø–∞–Ω–µ–ª–∏ —É—Å—Ç—Ä–æ–∏ÃÜ—Å—Ç–≤–∞ –∏–ª–∏ –Ω–æ–∂–Ω–æ–∏ÃÜ –ø–µ–¥–∞–ª—å—é. –§—Ä–µ–∑–µ—Ä –æ—Ç–ª–∏—á–Ω–æ –ø–æ–¥—Ö–æ–¥–∏—Ç –¥–ª—è –∞–ø–ø–∞—Ä–∞—Ç–Ω–æ–≥–æ –º–∞–Ω–∏–∫—é—Ä–∞, –∫–æ—Ä—Ä–µ–∫—Ü–∏–∏ –≤–µ—Ä—Ö–Ω–∏—Ö –Ω–æ–≥—Ç–µ–∏ÃÜ (–≥–µ–ª—å –∏ –∞–∫—Ä–∏–ª). –ò–º–µ–µ—Ç –Ω–∏–∑–∫–∏–∏ÃÜ —É—Ä–æ–≤–µ–Ω—å —à—É–º–∞ –ø—Ä–∏ —Ä–∞–±–æ—Ç–µ, –Ω–µ –≤–∏–±—Ä–∏—Ä—É–µ—Ç. –í—Å—Ç—Ä–æ–µ–Ω–Ω—ã–∏ÃÜ –ø—Ä–µ–¥–æ—Ö—Ä–∞–Ω–∏—Ç–µ–ª—å –∑–∞—â–∏—â–∞–µ—Ç –æ—Ç –ø–µ—Ä–µ–≥—Ä—É–∑–∫–∏. –ú–∞–Ω–∏–∫—é—Ä–Ω—ã–∏ÃÜ –∞–ø–ø–∞—Ä–∞—Ç ZS-602 –Ω–∞–¥–µ–∂–µ–Ω –∏ –¥–æ–ª–≥–æ–≤–µ—á–µ–Ω. –ü–æ–¥—Ö–æ–¥–∏—Ç –¥–ª—è –¥–æ–º–∞—à–Ω–µ–≥–æ –∏—Å–ø–æ–ª—å–∑–æ–≤–∞–Ω–∏—è.  –ú–û–©–ù–û–°–¢–¨: 65 –≤–∞—Ç—Ç  –û–ë–û–†–û–¢–û–í: 45 000  –¶–ï–ù–ê: 2700‚ÇΩ",–í–æ—Ä–æ–Ω–µ–∂,–í–æ—Ä–æ–Ω–µ–∂,–í–æ—Ä–æ–Ω–µ–∂—Å–∫–∞—è –æ–±–ª–∞—Å—Ç—å,2700.000000000000000,https://77.img.avito.st/640x480/11661886577.jpg,https://avito.ru/2201846579?utm_medium=cpc&avito_campaign_id=1232320950223423484&utm_source=buzzoola&utm_campaign=web_buzzoola_buyers_b2b_common_all_network_15082021_any_none_b2b,173534363,121813,"Lifestyles & Hobbies/Business Professionals,Beauty & Wellness/Frequently Visits Salons,Sports & Fitness/Sports Fans,Green Living Enthusiasts,Home & Garden/Do-It-Yourselfers"
2233368097,General,General.HealthAndBeauty,–ö—Ä–∞—Å–æ—Ç–∞ –∏ –∑–¥–æ—Ä–æ–≤—å–µ,–ü—Ä–∏–±–æ—Ä—ã –∏ –∞–∫—Å–µ—Å—Å—É–∞—Ä—ã,,,–°—Ç–∞—Ä—Ç–æ–≤—ã–π –Ω–∞–±–æ—Ä –æ–±–æ—Ä—É–¥–æ–≤–∞–Ω–∏—è,"–ë–æ–ª—å—à–æ–π –∞—Å—Å–æ—Ä—Ç–∏–º–µ–Ω—Ç —Ç–æ–≤–∞—Ä–æ–≤ –¥–ª—è –º–∞–Ω–∏–∫—é—Ä–∞ –ø–æ –æ–ø—Ç–æ–≤—ã–º —Ü–µ–Ω–∞–º.  –ì–∞—Ä–∞–Ω—Ç–∏—è –Ω–∏–∑–∫–æ–π —Ü–µ–Ω—ã!!!  –í –Ω–∞–±–æ—Ä –≤—Ö–æ–¥–∏—Ç:  –õ–∞–º–ø–∞ sun 5 48w  –ê–ø–ø–∞—Ä–∞—Ç Nail Mastre 65W. 45000 –æ–±/–º–∏–Ω. —Ä–µ–≤–µ—Ä—Å, –ø–µ–¥–∞–ª—å, 6 —Ñ—Ä–µ–∑  –ü—ã–ª–µ—Å–æ—Å Smart 80W —Å —Ä–µ–≥—É–ª–∏—Ä–æ–≤–∫–æ–π —Å–∫–æ—Ä–æ—Å—Ç–∏, –º–µ—à–æ–∫ –¥–ª—è –ø—ã–ª–∏  –õ–∞–º–ø–∞ –Ω–∞—Å—Ç–æ–ª—å–Ω–∞—è –¥–ª—è –±–ª–∏–∫–æ–≤ 60 —Å–º. –ï27",–í–æ—Ä–æ–Ω–µ–∂,–í–æ—Ä–æ–Ω–µ–∂,–í–æ—Ä–æ–Ω–µ–∂—Å–∫–∞—è –æ–±–ª–∞—Å—Ç—å,6990.000000000000000,https://73.img.avito.st/640x480/11792029173.jpg,https://avito.ru/2233368097?utm_medium=cpc&avito_campaign_id=1232320950223423484&utm_source=buzzoola&utm_campaign=web_buzzoola_buyers_b2b_common_all_network_15082021_any_none_b2b,173534363,121813,"Lifestyles & Hobbies/Business Professionals,Beauty & Wellness/Frequently Visits Salons,Sports & Fitness/Sports Fans,Green Living Enthusiasts,Home & Garden/Do-It-Yourselfers"
2191167526,General,General.HealthAndBeauty,–ö—Ä–∞—Å–æ—Ç–∞ –∏ –∑–¥–æ—Ä–æ–≤—å–µ,–ü–∞—Ä—Ñ—é–º–µ—Ä–∏—è,,,Kenzo L&apos;Eau Par Pour Femme –¢—É–∞–ª–µ—Ç–Ω–∞—è –≤–æ–¥–∞,"üôãüèº‚Äç‚ôÄÔ∏è –î–æ—Ä–æ–≥–∏–µ –¥—Ä—É–∑—å—è, –≥–∞—Ä–∞–Ω—Ç–∏—Ä—É—é –í—ã—Å–æ–∫–æ–µ –∫–∞—á–µ—Å—Ç–≤–æ –ø–∞—Ä—Ñ—é–º–µ—Ä–∏–∏, –ø—Ä–∏ —Å–∞–º–æ–π —Å–∞–º–æ–π –Ω–µ –ø—Ä–∏–ª–∏—á–Ω–æ –Ω–∏–∑–∫–æ–π —Ü–µ–Ω–µ!!!  üíé –ì–∞—Ä–∞–Ω—Ç–∏—Ä—É—é –û—Ä–∏–≥–∏–Ω–∞–ª—å–Ω–æ–µ –∫–∞—á–µ—Å—Ç–≤–æ!  üñ§ –ó–∞–≥–ª—è–Ω–∏—Ç–µ –≤ –º–æ–π –ø—Ä–æ—Ñ–∏–ª—å, –ø–æ–¥–ø–∏—à–∏—Å—å, —á—Ç–æ –± –Ω–µ –ø—Ä–æ–ø—É—Å—Ç—å –º–æ–¥–Ω—ã–µ –Ω–æ–≤–∏–Ω–∫–∏ –∏ —Å–∞–º—ã–µ –≤—ã–≥–æ–¥–Ω—ã–µ —Ä–∞—Å–ø—Ä–æ–¥–∞–∂–∏!   üì∏ –í—Å–µ —Ñ–æ—Ç–æ —Å–¥–µ–ª–∞–Ω—ã –º–Ω–æ—é –ª–∏—á–Ω–æ –¥–ª—è –í–∞—Å!   üéÅ –í—Å–µ –Ω–æ–≤–æ–µ, –∏–¥–µ–∞–ª—å–Ω–æ –ø–æ–¥—Ö–æ–¥–∏—Ç –≤ –∫–∞—á–µ—Å—Ç–≤–µ –ø–æ–¥–∞—Ä–∫–∞, –≤ —Å–ª—é–¥–µ –∏ —É–ø–∞–∫–æ–≤–∫–µ, –±—Ä–µ–Ω–¥–æ–≤—ã—Ö –ø–∞–∫–µ—Ç–∞—Ö, –∫–æ—Ä–æ–±–æ—á–∫–∞—Ö  –†–æ–∑–æ–≤—ã–π –ø–µ—Ä–µ—Ü, –ú—è—Ç–∞, –¢—Ä–æ—Å—Ç–Ω–∏–∫, –ú–∞–Ω–¥–∞—Ä–∏–Ω, –†–æ–∑–∞, –ü–µ—Ä–µ—Ü, –ö—É–≤—à–∏–Ω–∫–∞, –§–∏–∞–ª–∫–∞, –ê–º–∞—Ä–∏–ª–ª–∏—Å, –í–∞–Ω–∏–ª—å   ‚ùó–ï—Å—Ç—å –∏–Ω—Å—Ç–∞–≥—Ä–∞ vrn_parfum_136   üöö–î–æ—Å—Ç–∞–≤–∫–∞ –≤ —Ç–µ—á–µ–Ω–∏–∏ —á–∞—Å–∞ –ø–æ –í–æ—Ä–æ–Ω–µ–∂—É!   üì¶–ü–µ—Ä–µ—Å—ã–ª –ø–æ –í—Å–µ–π –°—Ç—Ä–∞–Ω–µ!   üî•–í—Å–µ—Ö –º–æ–∏—Ö –ø–æ–∫—É–ø–∞—Ç–µ–ª–µ–π –∂–¥—É—Ç —Å–∫–∏–¥–∫–∏, –ø–æ–¥–∞—Ä–∫–∏, –ø—Ä–∏—è—Ç–Ω—ã–µ —Å—é—Ä–ø—Ä–∏–∑—ã!",–í–æ—Ä–æ–Ω–µ–∂,–í–æ—Ä–æ–Ω–µ–∂,–í–æ—Ä–æ–Ω–µ–∂—Å–∫–∞—è –æ–±–ª–∞—Å—Ç—å,2000.000000000000000,https://02.img.avito.st/640x480/11746519402.jpg,https://avito.ru/2191167526?utm_medium=cpc&avito_campaign_id=1232320950223423484&utm_source=buzzoola&utm_campaign=web_buzzoola_buyers_b2b_common_all_network_15082021_any_none_b2b,174976049,121813,"Lifestyles & Hobbies/Business Professionals,Beauty & Wellness/Frequently Visits Salons,Sports & Fitness/Sports Fans,Green Living Enthusiasts,Home & Garden/Do-It-Yourselfers"
2191712200,General,General.HealthAndBeauty,–ö—Ä–∞—Å–æ—Ç–∞ –∏ –∑–¥–æ—Ä–æ–≤—å–µ,–ö–æ—Å–º–µ—Ç–∏–∫–∞,,,–¢—É—à—å –¥–ª—è —Ä–µ—Å–Ω–∏—Ü –ê—Ä–º–∞–Ω–∏ —Å –∑–µ—Ä–∫–∞–ª—å—Ü–µ–º –Ω–æ–≤–∞—è,"–ù–æ–≤–∞—è  üßö–î–æ—Ä–æ–≥–∏–µ –¥—Ä—É–∑—å—è, –ì–∞—Ä–∞–Ω—Ç–∏—Ä—É—é –≤—ã—Å–æ–∫–æ–µ –∫–∞—á–µ—Å—Ç–≤–æ –ø–æ —Å–∞–º–æ–π –Ω–∏–∑–∫–æ–π —Ü–µ–Ω–µ!  üì∏ –í—Å–µ –§–æ—Ç–æ –≤ –ø—Ä–æ—Ñ–∏–ª–µ —Å–¥–µ–ª–∞–Ω—ã –º–Ω–æ—é –ª–∏—á–Ω–æ –¥–ª—è –í–∞—Å! –ë–æ–ª—å—à–æ–π –∞—Å—Å–æ—Ä—Ç–∏–º–µ–Ω—Ç –≤ –Ω–∞–ª–∏—á–∏–∏!  ‚òëÔ∏è–ï—Å—Ç—å –ø–∞–∫–µ—Ç—ã –±—Ä–µ–Ω–¥–æ–≤—ã—Ö –º–∞–≥–∞–∑–∏–Ω–æ–≤ –∏–¥–µ–∞–ª—å–Ω–æ –≤ –∫–∞—á–µ—Å—Ç–≤–µ –ø–æ–¥–∞—Ä–∫–æ–≤ –Ω–∞ –ù–æ–≤—ã–π –≥–æ–¥!  ‚òëÔ∏è –ì–∞—Ä–∞–Ω—Ç–∏—è –í—ã—Å–æ—á–∞–π—à–µ–≥–æ –ö–∞—á–µ—Å—Ç–≤–∞ –∏ —Å–∞–º–æ–π –≤—ã–≥–æ–¥–Ω–æ–π —Ü–µ–Ω—ã!  ‚ö°‚ö°‚ö°‚ö°‚ö°‚ö°‚ö°‚ö°‚ö°‚ö°‚ö°‚ö°  ‚ùó–ï—Å—Ç—å –∏–Ω—Å—Ç–∞–≥—Ä–∞–º vrn_parfum_136  üöö –û—Å—É—â–µ—Å—Ç–≤–ª—è–µ–º —ç–∫—Å–ø—Ä–µ—Å—Å –¥–æ—Å—Ç–∞–≤–∫—É –∏ –ø–µ—Ä–µ—Å—ã–ª –ø–æ –≤—Å–µ–π —Å—Ç—Ä–∞–Ω–µ!",–í–æ—Ä–æ–Ω–µ–∂,–í–æ—Ä–æ–Ω–µ–∂,–í–æ—Ä–æ–Ω–µ–∂—Å–∫–∞—è –æ–±–ª–∞—Å—Ç—å,500.000000000000000,https://76.img.avito.st/640x480/11746127576.jpg,https://avito.ru/2191712200?utm_medium=cpc&avito_campaign_id=1232320950223423484&utm_source=buzzoola&utm_campaign=web_buzzoola_buyers_b2b_common_all_network_15082021_any_none_b2b,174976049,121813,"Lifestyles & Hobbies/Business Professionals,Beauty & Wellness/Frequently Visits Salons,Sports & Fitness/Sports Fans,Green Living Enthusiasts,Home & Garden/Do-It-Yourselfers"
2223487304,General,General.HealthAndBeauty,–ö—Ä–∞—Å–æ—Ç–∞ –∏ –∑–¥–æ—Ä–æ–≤—å–µ,–ü–∞—Ä—Ñ—é–º–µ—Ä–∏—è,,,"Baccarat rouge 540 –æ—Ç–ª–∏–≤–∞–Ω—Ç, —Ä–∞—Å–ø–∏–≤, –ø–∞—Ä—Ñ—é–º —Å–µ–ª–µ–∫—Ç","üôãüèº‚Äç‚ôÄÔ∏è –î–æ—Ä–æ–≥–∏–µ –¥—Ä—É–∑—å—è, –≥–∞—Ä–∞–Ω—Ç–∏—Ä—É—é –í—ã—Å–æ–∫–æ–µ –∫–∞—á–µ—Å—Ç–≤–æ –ø–∞—Ä—Ñ—é–º–µ—Ä–∏–∏, –ø—Ä–∏ —Å–∞–º–æ–π —Å–∞–º–æ–π –Ω–µ –ø—Ä–∏–ª–∏—á–Ω–æ –Ω–∏–∑–∫–æ–π —Ü–µ–Ω–µ!!!  —Ü–µ–Ω–∞ 2–º–ª 140—Ä  5 –º–ª 350—Ä  10–º–ª 700 —Ä  15–º–ª 950 —Ä  –¶–µ–Ω–∞ —Å —É—á—ë—Ç–æ–º –∞—Ç–æ–º–∞–π–∑–µ—Ä–∞!  üíé –ì–∞—Ä–∞–Ω—Ç–∏—Ä—É—é –û—Ä–∏–≥–∏–Ω–∞–ª—å–Ω–æ–µ –∫–∞—á–µ—Å—Ç–≤–æ!  üñ§ –ó–∞–≥–ª—è–Ω–∏—Ç–µ –≤ –º–æ–π –ø—Ä–æ—Ñ–∏–ª—å, –ø–æ–¥–ø–∏—à–∏—Å—å, —á—Ç–æ –± –Ω–µ –ø—Ä–æ–ø—É—Å—Ç—å –º–æ–¥–Ω—ã–µ –Ω–æ–≤–∏–Ω–∫–∏ –∏ —Å–∞–º—ã–µ –≤—ã–≥–æ–¥–Ω—ã–µ —Ä–∞—Å–ø—Ä–æ–¥–∞–∂–∏!   üì∏ –í—Å–µ —Ñ–æ—Ç–æ —Å–¥–µ–ª–∞–Ω—ã –º–Ω–æ—é –ª–∏—á–Ω–æ –¥–ª—è –í–∞—Å!   ‚ÄºÔ∏è–†–∞—Å–ø–∏–≤, –ø—Ä–æ–¥–∞–∂–∞ –ø–æ –º–∏–ª–∏–ª–∏—Ç—Ä–∞–º, —ç—Ç–æ –ø—Ä–µ–∫—Ä–∞—Å–Ω–∞—è –≤–æ–∑–º–æ–∂–Ω–æ—Å—Ç—å –ø–æ–ø—Ä–æ–±–æ–≤–∞—Ç—å –∏ —Ä–∞–∑–Ω–æ—Å–∏—Ç—å —Å–µ–ª–µ–∫—Ç–∏–≤ –Ω–∞ —Å–µ–±–µ!–ê —Ç–∞–∫ –∂–µ —Å–∞–º–∞—è –≤—ã–≥–æ–¥–Ω–∞—è —Ü–µ–Ω–∞ –ø–æ–ª–Ω—ã–º —Ñ–ª–∞–∫–æ–Ω–æ–º 100 –º–ª! –ò–ª–∏ –æ—Å—Ç–∞—Ç–∫–æ–º –≤–æ —Ñ–ª–∞–∫–æ–Ω–µ!  üéÅ –í—Å–µ –Ω–æ–≤–æ–µ, –∏–¥–µ–∞–ª—å–Ω–æ –ø–æ–¥—Ö–æ–¥–∏—Ç –≤ –∫–∞—á–µ—Å—Ç–≤–µ –ø–æ–¥–∞—Ä–∫–∞, –≤ —Å–ª—é–¥–µ –∏ —É–ø–∞–∫–æ–≤–∫–µ, –±—Ä–µ–Ω–¥–æ–≤—ã—Ö –ø–∞–∫–µ—Ç–∞—Ö, –∫–æ—Ä–æ–±–æ—á–∫–∞—Ö   –ö–æ–º–ø–æ–∑–∏—Ü–∏—è –ø—Ä–µ–¥–Ω–∞–∑–Ω–∞—á–µ–Ω–∞ –¥–ª—è –º—É–∂—á–∏–Ω –∏ –∂–µ–Ω—â–∏–Ω, —á—å—è –ª—é–±–æ–≤—å –∫ —Ä–æ—Å–∫–æ—à–∏ —Å–æ–±–ª—é–¥–∞–µ—Ç—Å—è –≤–æ –≤—Å–µ–º. –ù–∞—Å—ã—â–µ–Ω–Ω—ã–µ –Ω–æ—Ç—ã —Ü–≤–µ—Ç–æ—á–Ω–æ-—Ç—Ä–∞–≤—è–Ω–æ–≥–æ –∂–∞—Å–º–∏–Ω–∞ –æ—Ç–∫—Ä—ã–≤–∞—é—Ç –≤–µ—Ä—Ö–Ω–∏–µ –∞–∫–∫–æ—Ä–¥—ã. –ú–µ–ª–æ–¥–∏—è –±–∞—Ä—Ö–∞—Ç–Ω–æ–≥–æ —Ü–≤–µ—Ç–∫–∞ –ø–µ—Ä–µ–ø–ª–µ—Ç–∞–µ—Ç—Å—è —Å –æ—Å—Ç—Ä—ã–º, –¥—Ä–µ–≤–µ—Å–Ω–æ-—Å–ª–∞–¥–∫–∏–º –∏ —Å–∞–Ω–¥–∞–ª–æ–≤—ã–º —à–∞—Ñ—Ä–∞–Ω–æ–º. –ê—Ä–æ–º–∞—Ç–Ω–æ–µ –ø—Ä—è–Ω–æ–µ –æ–±–ª–∞–∫–æ —Ä–∞—Å—Ç–≤–æ—Ä—è–µ—Ç—Å—è –Ω–∞ –ø–ª–µ—á–∞—Ö –æ–±–ª–∞–¥–∞—Ç–µ–ª—è, –ø—Ä–µ–≤—Ä–∞—â–∞—è—Å—å –≤ —à–ª–µ–π—Ñ –∏–∑ –æ–±–≤–æ–ª–∞–∫–∏–≤–∞—é—â–µ–≥–æ, —Ç–æ–º–Ω–æ–≥–æ –∏ —Å–æ–≥—Ä–µ–≤–∞—é—â–µ–≥–æ –¥—Ä–µ–≤–µ—Å–Ω–æ–≥–æ —è–Ω—Ç–∞—Ä—è. –ï–≥–æ —Å–ª–∞–¥–∫–æ–µ —Ç–µ–ø–ª–æ –ø–æ–¥—á–µ—Ä–∫–∏–≤–∞–µ—Ç –±–ª–∞–≥–æ—Ä–æ–¥–Ω—ã–π –∏ –∏–∑—ã—Å–∫–∞–Ω–Ω—ã–π —Ñ–∏–∫—Å–∞—Ç–æ—Ä –≤ –≤–∏–¥–µ –∞–º–±—Ä—ã. –í –±–∞–∑–µ —Å–æ—á–µ—Ç–∞—é—Ç—Å—è –∏–Ω—Ç–µ–Ω—Å–∏–≤–Ω–∞—è –∏ –±–∞–ª—å–∑–∞–º–∏—á–µ—Å–∫–∞—è –µ–ª–æ–≤–∞—è —Å–º–æ–ª–∞ —Å —Ö–≤–æ–π–Ω–æ–π –¥—Ä–µ–≤–µ—Å–∏–Ω–æ–π –±–µ–ª–æ–≥–æ –∫–µ–¥—Ä–∞.    ‚ùó–ï—Å—Ç—å –∏–Ω—Å—Ç–∞–≥—Ä–∞ vrn_parfum_136   üöö–î–æ—Å—Ç–∞–≤–∫–∞ –≤ —Ç–µ—á–µ–Ω–∏–∏ —á–∞—Å–∞ –ø–æ –í–æ—Ä–æ–Ω–µ–∂—É!   üì¶–ü–µ—Ä–µ—Å—ã–ª –ø–æ –í—Å–µ–π –°—Ç—Ä–∞–Ω–µ!   üî•–í—Å–µ—Ö –º–æ–∏—Ö –ø–æ–∫—É–ø–∞—Ç–µ–ª–µ–π –∂–¥—É—Ç —Å–∫–∏–¥–∫–∏, –ø–æ–¥–∞—Ä–∫–∏, –ø—Ä–∏—è—Ç–Ω—ã–µ —Å—é—Ä–ø—Ä–∏–∑—ã!",–í–æ—Ä–æ–Ω–µ–∂,–í–æ—Ä–æ–Ω–µ–∂,–í–æ—Ä–æ–Ω–µ–∂—Å–∫–∞—è –æ–±–ª–∞—Å—Ç—å,350.000000000000000,https://06.img.avito.st/640x480/11770525606.jpg,https://avito.ru/2223487304?utm_medium=cpc&avito_campaign_id=1232320950223423484&utm_source=buzzoola&utm_campaign=web_buzzoola_buyers_b2b_common_all_network_15082021_any_none_b2b,174976049,121813,"Lifestyles & Hobbies/Business Professionals,Beauty & Wellness/Frequently Visits Salons,Sports & Fitness/Sports Fans,Green Living Enthusiasts,Home & Garden/Do-It-Yourselfers"
2223295395,General,General.HealthAndBeauty,–ö—Ä–∞—Å–æ—Ç–∞ –∏ –∑–¥–æ—Ä–æ–≤—å–µ,–ü–∞—Ä—Ñ—é–º–µ—Ä–∏—è,,,–î—É—Ö–∏ JO malone blackberry &amp; BAY –ï–∂–µ–≤–∏–∫–∞,"üôãüèº‚Äç‚ôÄÔ∏è –î–æ—Ä–æ–≥–∏–µ –¥—Ä—É–∑—å—è, –≥–∞—Ä–∞–Ω—Ç–∏—Ä—É—é –í—ã—Å–æ–∫–æ–µ –∫–∞—á–µ—Å—Ç–≤–æ –ø–∞—Ä—Ñ—é–º–µ—Ä–∏–∏, –ø—Ä–∏ —Å–∞–º–æ–π —Å–∞–º–æ–π –Ω–µ –ø—Ä–∏–ª–∏—á–Ω–æ –Ω–∏–∑–∫–æ–π —Ü–µ–Ω–µ!!!  üíé –ì–∞—Ä–∞–Ω—Ç–∏—Ä—É—é –û—Ä–∏–≥–∏–Ω–∞–ª—å–Ω–æ–µ –∫–∞—á–µ—Å—Ç–≤–æ!  üñ§ –ó–∞–≥–ª—è–Ω–∏—Ç–µ –≤ –º–æ–π –ø—Ä–æ—Ñ–∏–ª—å, –ø–æ–¥–ø–∏—à–∏—Å—å, —á—Ç–æ –± –Ω–µ –ø—Ä–æ–ø—É—Å—Ç—å –º–æ–¥–Ω—ã–µ –Ω–æ–≤–∏–Ω–∫–∏ –∏ —Å–∞–º—ã–µ –≤—ã–≥–æ–¥–Ω—ã–µ —Ä–∞—Å–ø—Ä–æ–¥–∞–∂–∏!   üì∏ –í—Å–µ —Ñ–æ—Ç–æ —Å–¥–µ–ª–∞–Ω—ã –º–Ω–æ—é –ª–∏—á–Ω–æ –¥–ª—è –í–∞—Å!   üéÅ –í—Å–µ –Ω–æ–≤–æ–µ, –∏–¥–µ–∞–ª—å–Ω–æ –ø–æ–¥—Ö–æ–¥–∏—Ç –≤ –∫–∞—á–µ—Å—Ç–≤–µ –ø–æ–¥–∞—Ä–∫–∞, –≤ —Å–ª—é–¥–µ –∏ —É–ø–∞–∫–æ–≤–∫–µ, –±—Ä–µ–Ω–¥–æ–≤—ã—Ö –ø–∞–∫–µ—Ç–∞—Ö, –∫–æ—Ä–æ–±–æ—á–∫–∞—Ö   üß§–í–æ–∑–º–æ–∂–µ–Ω —Ä–∞—Å–ø–∏–≤ 2 –º–ª, 5 –º–ª, 10 –º–ª, —É—Ç–æ—á–Ω—è–π—Ç–µ.   –≠—Ç–æ –±–æ–¥—Ä—è—â–∏–π –∂–∏–≤–æ–π –∞—Ä–æ–º–∞—Ç, –∫–æ—Ç–æ—Ä—ã–π –Ω–∏–∫–æ–≥–æ –Ω–µ —Å–º–æ–∂–µ—Ç –æ—Å—Ç–∞–≤–∏—Ç—å —Ä–∞–≤–Ω–æ–¥—É—à–Ω—ã–º, –ø–æ—Å–∫–æ–ª—å–∫—É —É–¥–∏–≤–∏—Ç–µ–ª—å–Ω—ã–º –æ–±—Ä–∞–∑–æ–º —Å–æ—á–µ—Ç–∞–µ—Ç –≤ —Å–µ–±–µ –ª–µ–≥–∫–æ—Å—Ç—å, –≤–æ–∑–¥—É—à–Ω–æ—Å—Ç—å, –Ω–µ–ø–æ–≤—Ç–æ—Ä–∏–º—É—é –Ω–µ–∂–Ω–æ—Å—Ç—å –∏ —Å–æ–ª–Ω–µ—á–Ω—É—é –∏—Å–∫—Ä–∏—Å—Ç–æ—Å—Ç—å. –ü–∞—Ä—Ñ—é–º –ø–µ—Ä–µ–¥–∞–µ—Ç –Ω–∞—Å—Ç—Ä–æ–µ–Ω–∏–µ –ø—Ä–∞–∑–¥–Ω–∏–∫–∞, —Å—á–∞—Å—Ç—å–µ –∏ –ª–µ—Ç–Ω—é—é —ç–Ω–µ—Ä–≥–µ—Ç–∏–∫—É, –∫–æ—Ç–æ—Ä–∞—è –Ω–µ –º–æ–∂–µ—Ç –Ω–µ —Ä–∞–¥–æ–≤–∞—Ç—å —Å–≤–æ–µ–π —Å–ª–∞–¥–æ—Å—Ç—å—é –∏ –±–ª–∞–≥–æ—É—Ö–∞—é—â–µ–π —Ü–≤–µ—Ç–æ—á–Ω–æ–π –Ω–µ–∂–Ω–æ—Å—Ç—å—é. –ü–∞—Ä—Ñ—é–º–µ—Ä–Ω—ã–π –∏–∑—ã—Å–∫ —Å—Ç–∞–Ω–æ–≤–∏—Ç—Å—è –ø—Ä–∏–º–µ—Ä–æ–º —Å–æ–≤—Ä–µ–º–µ–Ω–Ω–æ–≥–æ –≤–∑–≥–ª—è–¥–∞ –Ω–∞ –∂–µ–Ω—Å—Ç–≤–µ–Ω–Ω–æ—Å—Ç—å –∏ –æ—á–∞—Ä–æ–≤–∞–Ω–∏–µ, –æ–Ω –ø—Ä–∏–≤–ª–µ–∫–∞–µ—Ç –≤–Ω–∏–º–∞–Ω–∏–µ —É–¥–∏–≤–∏—Ç–µ–ª—å–Ω–æ–π —Ü–≤–µ—Ç–æ—á–Ω–æ-—Ñ—Ä—É–∫—Ç–æ–≤–æ–π –∞—É—Ä–æ–π, –∫–æ—Ç–æ—Ä–∞—è –æ–±–≤–æ–ª–∞–∫–∏–≤–∞–µ—Ç —Ç–æ–Ω–∫–∏–º –ø–∞–ª–∞–Ω—Ç–∏–Ω–æ–º, —Å–∫—Ä—ã–≤–∞—è –æ—Ç –ø–æ—Å—Ç–æ—Ä–æ–Ω–Ω–∏—Ö –≥–ª–∞–∑ –Ω–µ–∫–æ—Ç–æ—Ä—ã–µ –Ω–µ–¥–æ—Å—Ç–∞—Ç–∫–∏, –ø–æ–¥—á–µ—Ä–∫–∏–≤–∞—è –¥–æ—Å—Ç–æ–∏–Ω—Å—Ç–≤–∞ –∫—Ä–∞—Å–∞–≤–∏—Ü—ã. –ö–ª–∞—Å—Å–∏—á–µ—Å–∫—É—é —ç–ª–µ–≥–∞–Ω—Ç–Ω–æ—Å—Ç—å –∞—Ä–æ–º–∞—Ç–∞ –ø–µ—Ä–µ–¥–∞–µ—Ç —Ç–∞–∫–∂–µ –µ–≥–æ —Ñ–∞–Ω—Ç–∞—Å—Ç–∏—á–µ—Å–∫–∏ –ª–∞–∫–æ–Ω–∏—á–Ω—ã–π —Ñ–ª–∞–∫–æ–Ω, –∫–æ—Ç–æ—Ä—ã–π –Ω–µ—Å–µ—Ç –≤ —Å–µ–±–µ –±–µ–∑–º–æ–ª–≤–Ω—ã–π –ø—Ä–∏–∑—ã–≤ –∫ —Å–æ–¥–µ—Ä–∂–∏–º–æ–º—É.   ‚ùó–ï—Å—Ç—å –∏–Ω—Å—Ç–∞–≥—Ä–∞ vrn_parfum_136   üöö–î–æ—Å—Ç–∞–≤–∫–∞ –≤ —Ç–µ—á–µ–Ω–∏–∏ —á–∞—Å–∞ –ø–æ –í–æ—Ä–æ–Ω–µ–∂—É!   üì¶–ü–µ—Ä–µ—Å—ã–ª –ø–æ –í—Å–µ–π –°—Ç—Ä–∞–Ω–µ!   üî•–í—Å–µ—Ö –º–æ–∏—Ö –ø–æ–∫—É–ø–∞—Ç–µ–ª–µ–π –∂–¥—É—Ç —Å–∫–∏–¥–∫–∏, –ø–æ–¥–∞—Ä–∫–∏, –ø—Ä–∏—è—Ç–Ω—ã–µ —Å—é—Ä–ø—Ä–∏–∑—ã!",–í–æ—Ä–æ–Ω–µ–∂,–í–æ—Ä–æ–Ω–µ–∂,–í–æ—Ä–æ–Ω–µ–∂—Å–∫–∞—è –æ–±–ª–∞—Å—Ç—å,1990.000000000000000,https://41.img.avito.st/640x480/11764276741.jpg,https://avito.ru/2223295395?utm_medium=cpc&avito_campaign_id=1232320950223423484&utm_source=buzzoola&utm_campaign=web_buzzoola_buyers_b2b_common_all_network_15082021_any_none_b2b,174976049,121813,"Lifestyles & Hobbies/Business Professionals,Beauty & Wellness/Frequently Visits Salons,Sports & Fitness/Sports Fans,Green Living Enthusiasts,Home & Garden/Do-It-Yourselfers"
2230897200,General,General.HealthAndBeauty,–ö—Ä–∞—Å–æ—Ç–∞ –∏ –∑–¥–æ—Ä–æ–≤—å–µ,–ö–æ—Å–º–µ—Ç–∏–∫–∞,,,–¢–∞–π—Å–∫–∞—è —Ç—Ä–∞–¥–∏—Ü–∏–æ–Ω–Ω–∞—è –º–∞–∑—å ¬´–ö—É–ª–∞–±¬ª,"üåû–î–æ–±—Ä–æ–≥–æ –≤—Ä–µ–º–µ–Ω–∏ —Å—É—Ç–æ–∫ üåû  –ë–ª–∞–≥–æ–¥–∞—Ä–∏–º –∑–∞ –≤–Ω–∏–º–∞–Ω–∏–µ –∫ –ø—Ä–æ–¥—É–∫—Ü–∏–∏ –º–∞–≥–∞–∑–∏–Ω–æ–≤ –ö—Ä–∞—Å–æ—Ç—ã –∏ –ó–¥–æ—Ä–æ–≤—å—è ¬´–í–æ—Å—Ç–æ—á–Ω—ã–π –ë—Ä–∏–∑¬ª  –¢–æ–ª—å–∫–æ 100% –æ—Ä–∏–≥–∏–Ω–∞–ª—å–Ω–∞—è –ø—Ä–æ–¥—É–∫—Ü–∏—è!  –û–ø—Ç –∏ —Ä–æ–∑–Ω–∏—Ü–∞.  –¢–∞–π—Å–∫–∞—è —Ç—Ä–∞–¥–∏—Ü–∏–æ–Ω–Ω–∞—è –º–∞–∑—å –æ—Ç –∫–æ–∂–Ω—ã—Ö –∑–∞–±–æ–ª–µ–≤–∞–Ω–∏–π –∏ –≥—Ä–∏–±–∫–∞, ¬´–ö—É–ª–∞–±¬ª (–¢–∞–∏–ª–∞–Ω–¥)  –ú–∞–∑—å ¬´–ö—É–ª–∞–±¬ª –æ—Ç –∫–æ–∂–Ω—ã—Ö –∑–∞–±–æ–ª–µ–≤–∞–Ω–∏–π ‚Äì –Ω–∞—Ä–æ–¥–Ω–æ–µ —Ç–∞–π—Å–∫–æ–µ —Å—Ä–µ–¥—Å—Ç–≤–æ, —Ü–µ–ª—å –∫–æ—Ç–æ—Ä–æ–≥–æ ‚Äì –ª–µ—á–µ–Ω–∏–µ –≥—Ä–∏–±–∫–∞ –∏ –æ—á–∏—â–µ–Ω–∏–µ –æ—Ç —ç—Ç–æ–π –±–æ–ª–µ–∑–Ω–∏ –Ω–æ–≥—Ç–µ–π –ø–æ–ª–Ω–æ—Å—Ç—å—é.  –ü–æ–º–æ–≥–∞–µ—Ç –ø—Ä–∏ —Å–ª–µ–¥—É—é—â–∏—Ö –ø—Ä–æ–±–ª–µ–º–∞—Ö:  –ì—Ä–∏–±–∫–æ–≤—ã–µ –∑–∞–±–æ–ª–µ–≤–∞–Ω–∏—è –∫–æ–∂–∏ –∏ —Å—Ç—É–ø–Ω–µ–π –Ω–æ–≥, –ì—Ä–∏–±–∫–æ–≤—ã–µ –∑–∞–±–æ–ª–µ–≤–∞–Ω–∏—è –Ω–æ–≥—Ç–µ–π,  –ö–æ–∂–Ω—ã–π –∑—É–¥, –ß–µ—Å–æ—Ç–∫–∞, –î–µ—Ä–º–∞—Ç–æ–º–∏–∫–æ–∑, –≠–∫–∑–µ–º–∞, –ü—Å–æ—Ä–∏–∞–∑, –ì–µ—Ä–ø–µ—Å, –¢—Ä–µ—â–∏–Ω—ã –Ω–∞ –ø—è—Ç–∫–∞—Ö, –†–∞–∫ –∫–æ–∂–∏.  –°–æ—Å—Ç–∞–≤ —Ç–∞–π—Å–∫–æ–π —Ü–µ–ª–µ–±–Ω–æ–π –º–∞–∑–∏ ¬´–ö—É–ª–∞–±¬ª –æ—Ç –º–∏–∫–æ–∑–æ–≤ –Ω–∞ —Å—Ç–æ–ø–∞—Ö –∏ –Ω–æ–≥—Ç—è—Ö –∑–∞–ø–∞—Ç–µ–Ω—Ç–æ–≤–∞–Ω, –ø–æ–ª–Ω–æ—Å—Ç—å—é –Ω–∞—Ç—É—Ä–∞–ª–µ–Ω –∏ –Ω–µ –Ω–∞–Ω–æ—Å–∏—Ç –≤—Ä–µ–¥ –∑–¥–æ—Ä–æ–≤—å—é.  –≠—Ç–æ —á—É–¥–µ—Å–Ω–æ–µ —Å—Ä–µ–¥—Å—Ç–≤–æ –ª–µ—á–∏—Ç —Å—Ä–∞–∑—É –≤—Å–µ –ø–æ—Ä–∞–∂–µ–Ω–Ω—ã–µ –∑–æ–Ω—ã: –≥—Ä–∏–±–æ–∫ –Ω–æ–≥—Ç–µ–π, —Å—Ç–æ–ø—ã –∏ –ø–∞–ª—å—Ü–µ–≤ –Ω–æ–≥. –û–Ω–æ —ç–∫–æ–Ω–æ–º–∏—á–Ω–æ –∏ –µ–≥–æ —Ö–≤–∞—Ç–∞–µ—Ç –Ω–µ —Ç–æ–ª—å–∫–æ –Ω–∞ –≤–µ—Å—å –∫—É—Ä—Å –ª–µ—á–µ–Ω–∏—è, –Ω–æ –∏ –Ω–∞ –¥–∞–ª—å–Ω–µ–π—à—É—é –ø—Ä–æ—Ñ–∏–ª–∞–∫—Ç–∏–∫—É.  –°–ø–æ—Å–æ–± –∏–∑–≥–æ—Ç–æ–≤–ª–µ–Ω–∏—è –ø—Ä–∏–º–æ—á–µ–∫ –ø—Ä–∏ –ª–µ—á–µ–Ω–∏–∏ –≥—Ä–∏–±–∫–∞ –Ω–æ–≥—Ç–µ–π:  –ü–æ–¥—Å—Ç—Ä–∏—á—å –Ω–æ–≥—Ç–∏ –º–∞–∫—Å–∏–º–∞–ª—å–Ω–æ –∫–æ—Ä–æ—Ç–∫–æ.  –ù–∞–Ω–µ—Å—Ç–∏ –º–∞–∑—å ¬´–ö—É–ª–∞–±¬ª –Ω–∞ –∫—É—Å–æ—á–µ–∫ –≤–∞—Ç—ã –∏ –∑–∞—Ñ–∏–∫—Å–∏—Ä–æ–≤–∞—Ç—å —Å –ø–æ–º–æ—â—å—é –ª–µ–π–∫–æ–ø–ª–∞—Å—Ç—ã—Ä—è –Ω–∞ –±–æ–ª—å–Ω–æ–º –Ω–æ–≥—Ç–µ  –ù–µ–æ–±—Ö–æ–¥–∏–º–æ–µ –≤—Ä–µ–º—è –≤—ã–¥–µ—Ä–∂–∫–∏ —Å–æ—Å—Ç–∞–≤–ª—è–µ—Ç 10 - 30 –º–∏–Ω—É—Ç.  –ï—Å–ª–∏ –≤–¥—Ä—É–≥ –ø–æ—Å–ª–µ —Å–Ω—è—Ç–∏—è –ø—Ä–∏–º–æ—á–∫–∏ –Ω–∞ –Ω–æ–≥—Ç—è—Ö –ø–æ—è–≤–∏–ª–∏—Å—å –≤—ã–¥–µ–ª–µ–Ω–∏—è ‚Äì –∏—Ö —Å–ª–µ–¥—É–µ—Ç —É–¥–∞–ª–∏—Ç—å —á–∏—Å—Ç—ã–º –≤–∞—Ç–Ω—ã–º —Ç–∞–º–ø–æ–Ω–æ–º.  –ù—É–∂–Ω–æ –ø—Ä–æ–¥–µ–ª—ã–≤–∞—Ç—å —ç—Ç—É –ø—Ä–æ—Ü–µ–¥—É—Ä—É –∫–∞–∂–¥—ã–π –¥–µ–Ω—å –¥–æ —Ç–µ—Ö –ø–æ—Ä, –ø–æ–∫–∞ –ø–æ–ª–Ω–æ—Å—Ç—å—é –Ω–µ –æ–±–Ω–æ–≤–∏—Ç—Å—è —Å—Ç—Ä—É–∫—Ç—É—Ä–∞ –Ω–æ–≥—Ç—è.  –ü–æ—Å–ª–µ —Ç–∞–∫–æ–≥–æ –ª–µ—á–µ–Ω–∏—è, –¥–ª—è –∑–∞–∫—Ä–µ–ø–ª–µ–Ω–∏—è —Ä–µ–∑—É–ª—å—Ç–∞—Ç–∞, –Ω—É–∂–Ω–æ —Ç–∞–º–ø–æ–Ω–æ–º —Å –º–∞–∑—å—é ¬´–ö—É–ª–∞–±¬ª –ø—Ä–æ—Ç–∏—Ä–∞—Ç—å –ø–æ—Ä–∞–∂–µ–Ω–Ω—ã–µ —É—á–∞—Å—Ç–∫–∏ —Ç–µ–ª–∞ –Ω–∞ –ø—Ä–æ—Ç—è–∂–µ–Ω–∏–∏ –¥–≤—É—Ö –Ω–µ–¥–µ–ª—å.  –î–∞–Ω–Ω–æ–µ —Å—Ä–µ–¥—Å—Ç–≤–æ –æ—Ç –≥—Ä–∏–±–∫–∞ —Å—Ç–æ–ø –∏ –Ω–æ–≥—Ç–µ–π –º–æ–∂–Ω–æ –ø—Ä–∏–º–µ–Ω—è—Ç—å –∏ –≤ –ø—Ä–æ—Ñ–∏–ª–∞–∫—Ç–∏—á–µ—Å–∫–∏—Ö —Ü–µ–ª—è—Ö ‚Äì –ø–æ—Å–ª–µ –ø–æ—Å–µ—â–µ–Ω–∏—è –±–∞–Ω–∏, –±–∞—Å—Å–µ–π–Ω–∞ –∏ –ø—Ä–æ—á–∏—Ö –æ–±—â–µ—Å—Ç–≤–µ–Ω–Ω—ã—Ö –º–µ—Å—Ç, –≥–¥–µ –ø—Ä–∏—Ö–æ–¥–∏—Ç—Å—è —Å–Ω–∏–º–∞—Ç—å –æ–±—É–≤—å, —Ö–æ–¥–∏—Ç—å –±–æ—Å–∏–∫–æ–º –∏–ª–∏ –Ω–∞–¥–µ–≤–∞—Ç—å —á—É–∂–∏–µ —Ç–∞–ø–æ—á–∫–∏.  –ü—Ä–∏ –≥—Ä–∏–±–∫–µ –Ω–∞ –∫–æ–∂–µ —Å–ø–æ—Å–æ–± –ø—Ä–∏–º–µ–Ω–µ–Ω–∏—è –∞–Ω–∞–ª–æ–≥–∏—á–µ–Ω. –î–µ–ª–∞—Ç—å –ø—Ä–∏–º–æ—á–∫–∏ –∏ –º–∞–∑–∞—Ç—å –ø–æ—Ä–∞–∂–µ–Ω–Ω—ã–µ —É—á–∞—Å—Ç–∫–∏ —Ç–µ–ª–∞ –º–∞–∑—å—é ¬´–ö—É–ª–∞–±¬ª –∫–∞–∂–¥—ã–π –¥–µ–Ω—å.  –í—Å–µ–≥–¥–∞ –≤ –Ω–∞–ª–∏—á–∏–∏ –∏ –¥—Ä—É–≥–∏–µ –∞–Ω–∞–ª–æ–≥–∏—á–Ω—ã–µ —Ç–æ–≤–∞—Ä—ã, —Å –∫–æ—Ç–æ—Ä—ã–º–∏ –í—ã –º–æ–∂–µ—Ç–µ –æ–∑–Ω–∞–∫–æ–º–∏—Ç—å—Å—è –≤ –Ω–∞—à–µ–º –ø—Ä–æ—Ñ–∏–ª–µ.  üöö‚úàÔ∏è–î–æ—Å—Ç–∞–≤–∫–∞:  –ß–µ–ª—è–±–∏–Ω—Å–∫, –ö–æ–ø–µ–π—Å–∫ —á–µ—Ä–µ–∑ –Ø–Ω–¥–µ–∫—Å-–î–æ—Å—Ç–∞–≤–∫—É  –ú–∏–Ω–∏–º–∞–ª—å–Ω—ã–π –∑–∞–∫–∞–∑ 500—Ä+–¥–æ—Å—Ç–∞–≤–∫–∞.  –ü–æ—Å–ª–µ 100% –ø—Ä–µ–¥–æ–ø–ª–∞—Ç—ã —Ñ–æ—Ä–º–∏—Ä—É–µ–º –∑–∞–∫–∞–∑ –∏ –æ—Ç–ø—Ä–∞–≤–ª—è–µ–º –≤ —ç—Ç–æ—Ç –∂–µ –¥–µ–Ω—å, –ª–∏–±–æ –Ω–∞—Å–ª–µ–¥—É—é—â–∏–π.  ======================================================  –†–§ –æ—Ç–ø—Ä–∞–≤–ª—è–µ–º –ø–æ—á—Ç–æ–π(300-450—Ä) –∏ –¢–ö –°–¥—ç–∫(200-400—Ä)  –ú–∏–Ω–∏–º–∞–ª—å–Ω—ã–π –∑–∞–∫–∞–∑ 1000—Ä+–¥–æ—Å—Ç–∞–≤–∫–∞.  –ü–æ—Å–ª–µ 100% –ø—Ä–µ–¥–æ–ø–ª–∞—Ç—ã —Ñ–æ—Ä–º–∏—Ä—É–µ–º –∑–∞–∫–∞–∑ –∏ –æ—Ç–ø—Ä–∞–≤–ª—è–µ–º –≤ —Ç–µ—á–µ–Ω–∏–∏ 3-—Ö —Ä–∞–±–æ—á–∏—Ö –¥–Ω–µ–π.  –î–æ–≤–µ—Ä—è–π—Ç–µ –¢–û–õ–¨–ö–û –ø—Ä–æ–≤–µ—Ä–µ–Ω–Ω—ã–º –∏ –Ω–∞–¥–µ–∂–Ω—ã–º –ø—Ä–æ–¥–∞–≤—Ü–∞–º!",–í–æ—Ä–æ–Ω–µ–∂,–í–æ—Ä–æ–Ω–µ–∂,–í–æ—Ä–æ–Ω–µ–∂—Å–∫–∞—è –æ–±–ª–∞—Å—Ç—å,79.000000000000000,https://17.img.avito.st/640x480/11700818817.jpg,https://avito.ru/2230897200?utm_medium=cpc&avito_campaign_id=1232320950223423484&utm_source=buzzoola&utm_campaign=web_buzzoola_buyers_b2b_common_all_network_15082021_any_none_b2b,147687033,121813,"Lifestyles & Hobbies/Business Professionals,Beauty & Wellness/Frequently Visits Salons,Sports & Fitness/Sports Fans,Green Living Enthusiasts,Home & Garden/Do-It-Yourselfers"
2223563730,General,General.HealthAndBeauty,–ö—Ä–∞—Å–æ—Ç–∞ –∏ –∑–¥–æ—Ä–æ–≤—å–µ,–ö–æ—Å–º–µ—Ç–∏–∫–∞,,,Sisley supremya –ö—Ä–µ–º-—Å—ã–≤–æ—Ä–æ—Ç–∫–∞ –Ω–æ—á–Ω–∞—è –∞–Ω—Ç–∏–≤–æ–∑—Ä–∞—Å—Ç–Ω,"–ê–Ω—Ç–∏–≤–æ–∑—Ä–∞—Å—Ç–Ω–∞—è —Ç–µ—Ö–Ω–æ–ª–æ–≥–∏—è ¬´–°—É–ø—Ä–µ–º–∏–∏¬ª - –º–æ—â–Ω—ã–π –∏–Ω—Å—Ç—Ä—É–º–µ–Ω—Ç, –∫–æ—Ç–æ—Ä—ã–π –ø–æ–º–æ–≥–∞–µ—Ç –∫–æ–∂–µ –≤—ã–≥–ª—è–¥–µ—Ç—å –º–æ–ª–æ–¥–æ.  –û—Å–Ω–æ–≤–Ω–æ–π –∫–æ–º–ø–æ–Ω–µ–Ω—Ç ¬´–°—É–ø—Ä–µ–º–∏–∏ –¥–ª—è –≥–ª–∞–∑¬ª - —ç–∫—Å–∫–ª—é–∑–∏–≤–Ω—ã–π –§–∏—Ç–æ–∫–æ–º–ø–ª–µ–∫—Å LC12, –≤–ø–µ—Ä–≤—ã–µ –ø—Ä–∏–º–µ–Ω—ë–Ω–Ω—ã–π –≤ –Ω–æ—á–Ω–æ–º –∫—Ä–µ–º–µ-—Å—ã–≤–æ—Ä–æ—Ç–∫–µ ¬´–°—É–ø—Ä–µ–º–∏—è¬ª –¥–ª—è –ª–∏—Ü–∞.  –û–Ω –∑–Ω–∞—á–∏—Ç–µ–ª—å–Ω–æ —Å–æ–∫—Ä–∞—â–∞–µ—Ç –≤–∏–¥–∏–º—ã–µ –ø—Ä–∏–∑–Ω–∞–∫–∏ —Å—Ç–∞—Ä–µ–Ω–∏—è –∫–æ–∂–∏.  –ó–¥–µ—Å—å –æ–Ω —Å–æ—á–µ—Ç–∞–µ—Ç—Å—è —Å –∫–æ–º–ø–æ–Ω–µ–Ω—Ç–∞–º–∏, –ø—Ä–∏—Ü–µ–ª—å–Ω–æ –≤–æ–∑–¥–µ–π—Å—Ç–≤—É—é—â–∏–º–∏ –Ω–∞ —Ç—ë–º–Ω—ã–µ –∫—Ä—É–≥–∏ –∏ –º–µ—à–∫–∏ –ø–æ–¥ –≥–ª–∞–∑–∞–º–∏, –∫–æ—Ç–æ—Ä—ã–µ –ø–æ–∑–≤–æ–ª—è—é—Ç –±—ã—Å—Ç—Ä–æ —É–ª—É—á—à–∏—Ç—å —Å–æ—Å—Ç–æ—è–Ω–∏–µ –∫–æ–∂–∏ –∏ –ø–æ—Å—Ç–µ–ø–µ–Ω–Ω–æ, –Ω–æ—á—å –∑–∞ –Ω–æ—á—å—é, –¥–æ–±–∏—Ç—å—Å—è –ø–æ—Ç—Ä—è—Å–∞—é—â–µ–≥–æ –∞–Ω—Ç–∏–≤–æ–∑—Ä–∞—Å—Ç–Ω–æ–≥–æ —Ä–µ–∑—É–ª—å—Ç–∞—Ç–∞.  –†–µ–∑—É–ª—å—Ç–∞—Ç :  - –ü–æ—Å–ª–µ –ø–µ—Ä–≤–æ–≥–æ –∂–µ –Ω–∞–Ω–µ—Å–µ–Ω–∏—è –∫–æ–∂–∞ –≤–æ–∫—Ä—É–≥ –≥–ª–∞–∑ –∑–∞–º–µ—Ç–Ω–æ –ø–æ–¥—Ç—è–≥–∏–≤–∞–µ—Ç—Å—è, –≥–ª–∞–∑–∞ –∫–∞–∂—É—Ç—Å—è –æ—Ç–¥–æ—Ö–Ω—É–≤—à–∏–º–∏.  - –ü–æ—Å—Ç–µ–ø–µ–Ω–Ω–æ, –Ω–æ—á—å –∑–∞ –Ω–æ—á—å—é –ø—Ä–∏–∑–Ω–∞–∫–∏ —Å—Ç–∞—Ä–µ–Ω–∏—è —Å—Ç–∞–Ω–æ–≤—è—Ç—Å—è –º–µ–Ω–µ–µ —è–≤–Ω—ã–º–∏: –º–æ—Ä—â–∏–Ω–∫–∏ —Ä–∞–∑–≥–ª–∞–∂–∏–≤–∞—é—Ç—Å—è, –∫–æ–∂–∞ –≤–æ–∫—Ä—É–≥ –≥–ª–∞–∑ –ø–æ–¥—Ç—è–≥–∏–≤–∞–µ—Ç—Å—è, —Ç—ë–º–Ω—ã–µ –∫—Ä—É–≥–∏ –∏ –º–µ—à–∫–∏ –ø–æ–¥ –≥–ª–∞–∑–∞–º–∏ —É–º–µ–Ω—å—à–∞—é—Ç—Å—è.  üôãüèº‚Äç‚ôÄÔ∏è –î–æ—Ä–æ–≥–∏–µ –¥—Ä—É–∑—å—è, –≥–∞—Ä–∞–Ω—Ç–∏—Ä—É—é –í—ã—Å–æ–∫–æ–µ –∫–∞—á–µ—Å—Ç–≤–æ —Å—ã–≤–∞—Ä–æ—Ç–∫–∏, –ø—Ä–∏ —Å–∞–º–æ–π —Å–∞–º–æ–π –Ω–µ –ø—Ä–∏–ª–∏—á–Ω–æ –Ω–∏–∑–∫–æ–π —Ü–µ–Ω–µ!!!   üíé –ì–∞—Ä–∞–Ω—Ç–∏—Ä—É—é –û—Ä–∏–≥–∏–Ω–∞–ª—å–Ω–æ–µ –∫–∞—á–µ—Å—Ç–≤–æ!  üñ§ –ó–∞–≥–ª—è–Ω–∏—Ç–µ –≤ –º–æ–π –ø—Ä–æ—Ñ–∏–ª—å, –ø–æ–¥–ø–∏—à–∏—Å—å, —á—Ç–æ –± –Ω–µ –ø—Ä–æ–ø—É—Å—Ç—å –º–æ–¥–Ω—ã–µ –Ω–æ–≤–∏–Ω–∫–∏ –∏ —Å–∞–º—ã–µ –≤—ã–≥–æ–¥–Ω—ã–µ —Ä–∞—Å–ø—Ä–æ–¥–∞–∂–∏!   üì∏ –í—Å–µ —Ñ–æ—Ç–æ —Å–¥–µ–ª–∞–Ω—ã –º–Ω–æ—é –ª–∏—á–Ω–æ –¥–ª—è –í–∞—Å!   üéÅ –í—Å–µ –Ω–æ–≤–æ–µ, –∏–¥–µ–∞–ª—å–Ω–æ –ø–æ–¥—Ö–æ–¥–∏—Ç –≤ –∫–∞—á–µ—Å—Ç–≤–µ –ø–æ–¥–∞—Ä–∫–∞, –≤ —Å–ª—é–¥–µ –∏ —É–ø–∞–∫–æ–≤–∫–µ, –±—Ä–µ–Ω–¥–æ–≤—ã—Ö –ø–∞–∫–µ—Ç–∞—Ö, –∫–æ—Ä–æ–±–æ—á–∫–∞—Ö  ‚ùó–ï—Å—Ç—å –∏–Ω—Å—Ç–∞–≥—Ä–∞ vrn_parfum_136   üöö–î–æ—Å—Ç–∞–≤–∫–∞ –≤ —Ç–µ—á–µ–Ω–∏–∏ —á–∞—Å–∞ –ø–æ –í–æ—Ä–æ–Ω–µ–∂—É!   üì¶–ü–µ—Ä–µ—Å—ã–ª –ø–æ –í—Å–µ–π –°—Ç—Ä–∞–Ω–µ!   üî•–í—Å–µ—Ö –º–æ–∏—Ö –ø–æ–∫—É–ø–∞—Ç–µ–ª–µ–π –∂–¥—É—Ç —Å–∫–∏–¥–∫–∏, –ø–æ–¥–∞—Ä–∫–∏, –ø—Ä–∏—è—Ç–Ω—ã–µ —Å—é—Ä–ø—Ä–∏–∑—ã!",–í–æ—Ä–æ–Ω–µ–∂,–í–æ—Ä–æ–Ω–µ–∂,–í–æ—Ä–æ–Ω–µ–∂—Å–∫–∞—è –æ–±–ª–∞—Å—Ç—å,1990.000000000000000,https://45.img.avito.st/640x480/11770866245.jpg,https://avito.ru/2223563730?utm_medium=cpc&avito_campaign_id=1232320950223423484&utm_source=buzzoola&utm_campaign=web_buzzoola_buyers_b2b_common_all_network_15082021_any_none_b2b,174976049,121813,"Lifestyles & Hobbies/Business Professionals,Beauty & Wellness/Frequently Visits Salons,Sports & Fitness/Sports Fans,Green Living Enthusiasts,Home & Garden/Do-It-Yourselfers"
2191664876,General,General.HealthAndBeauty,–ö—Ä–∞—Å–æ—Ç–∞ –∏ –∑–¥–æ—Ä–æ–≤—å–µ,–ü–∞—Ä—Ñ—é–º–µ—Ä–∏—è,,,"–†–∞—Å–ø–∏–≤, –æ—Ç–ª–∏–≤–∞–Ω—Ç—ã tiziana terenzi gumin –ü–∞—Ä—Ñ—é–º","üßö‚Äç‚ôÄÔ∏è–î–æ—Ä–æ–≥–∏–µ –¥—Ä—É–∑—å—è, –ø—Ä–µ–¥–ª–æ–≥–∞—é —Ä–∞—Å–ø–∏–≤ ( —Ç–æ–µ—Å—Ç—å –ø—Ä–æ–¥–∞–∂—É –ø–æ –º–∏–ª–∏–ª–∏—Ç—Ä–∞–º) –∞ —Ç–∞–∫ –∂–µ –æ—Å—Ç–∞—Ç–∫–æ–º –≤–æ —Ñ–ª–∞–∫–æ–Ω–µ –∏ –ø–æ–ª–Ω—ã–º —Ñ–ª–∞–∫–æ–Ω–æ–º!  –¶–µ–Ω—ã —É—Ç–æ—á–Ω—è–π—Ç–µ! (–ì–∞—Ä–∞–Ω—Ç–∏—è —Å–∞–º–æ–π –Ω–∏–∑–∫–æ–π —Ü–µ–Ω—ã –ø—Ä–∏ —Å–∞–º–æ–º –≤—ã—Å–æ–∫–æ–º –∫–∞—á–µ—Å—Ç–≤–µ!)  üíØ –æ—Ä–∏–≥–∏–Ω–∞–ª—å–Ω–æ–µ –∫–∞—á–µ—Å—Ç–≤–æ!  üóº–û–≥—Ä–æ–º–Ω—ã–π –≤—ã–±–æ—Ä –∞—Ä–æ–º–∞—Ç–æ–≤ –≤ —Ä–∞—Å–ø–∏–≤ –∏ –ü–æ–ª–Ω—ã–º —Ñ–ª–∞–∫–æ–Ω–æ–º!  üì∏ –ó–∞—Ö–æ–¥–∏—Ç–µ –≤ –º–æ–π –ø—Ä–æ—Ñ–∏–ª—å, –≤—Å–µ —Ñ–æ—Ç–æ –¥–µ–ª–∞—é –ª–∏—á–Ω–æ –¥–ª—è –í–∞—Å, –ø–æ–¥–ø–∏—Å—ã–≤–∞–π—Ç–µ—Å—å!  üí∏–ß–∞—Å—Ç—ã–µ –∞–∫—Ü–∏–∏ –∏ —Å–∞–º—ã–µ —á–µ—Å—Ç–Ω—ã–µ —Ü–µ–Ω—ã!  –°–µ–ª–µ–∫—Ç–∏–≤–Ω—ã–π –∞—Ä–æ–º–∞—Ç –£–Ω–∏—Å–µ–∫—Å  –§—Ä—É–∫—Ç–æ–≤—ã–µ –∞–∫–∫–æ—Ä–¥—ã —Ç—Ä–æ–ø–∏—á–µ—Å–∫–æ–≥–æ –∞–Ω–∞–Ω–∞—Å–∞ –∏–∑—É–º–∏—Ç–µ–ª—å–Ω–æ –ø–µ—Ä–µ–ø–ª–µ—Ç–∞—é—Ç—Å—è —Å —Ü–∏—Ç—Ä—É—Å–æ–≤—ã–º–∏ –º–æ—Ç–∏–≤–∞–º–∏ —Å–ø–µ–ª–æ–≥–æ –∞–ø–µ–ª—å—Å–∏–Ω–∞ –∏ —Å–ª–∞–¥–∫–æ–≥–æ –º–∞–Ω–¥–∞—Ä–∏–Ω–∞. –°–≤–µ–∂–µ—Å—Ç—å –∑–µ–ª–µ–Ω–æ–≥–æ –±–µ—Ä–≥–∞–º–æ—Ç–∞ –≥–∞—Ä–º–æ–Ω–∏—á–Ω–æ —Å–æ–µ–¥–∏–Ω—è–µ—Ç—Å—è —Å –±–ª–∞–≥–æ—É—Ö–∞–Ω–∏–µ–º –∑–∞–º–æ—Ä—Å–∫–æ–≥–æ –∂–∞—Å–º–∏–Ω–∞. –ï–¥–≤–∞ —É–ª–æ–≤–∏–º–∞—è, –ø–æ–ª—É–ø—Ä–æ–∑—Ä–∞—á–Ω–∞—è –Ω–æ—Ç–∞ –æ–∑–æ–Ω–∞ –∑–∞–ø–æ–ª–Ω—è–µ—Ç —Å–µ—Ä–¥—Ü–µ –ø–∞—Ä—Ñ—é–º–µ—Ä–Ω–æ–π –∫–æ–º–ø–æ–∑–∏—Ü–∏–∏, –≤—ã—Å—Ç—É–ø–∞—è –≤ —É–¥–∏–≤–∏—Ç–µ–ª—å–Ω–æ–º —Å–æ—á–µ—Ç–∞–Ω–∏–∏ —Å —Ä–æ—Å–∫–æ—à–Ω–æ–π, –∫—Ä–∞—Å–Ω–æ–π —Ä–æ–∑–æ–π –∏ –¥—É—à–∏—Å—Ç–æ–π —Ñ–∏–∞–ª–∫–æ–π. –í–æ—Å—Ö–∏—Ç–∏—Ç–µ–ª—å–Ω–∞—è –∞–º–±—Ä–∞ –∏ —Å–Ω–æ–≥—Å—à–∏–±–∞—Ç–µ–ª—å–Ω—ã–π —É–¥ –æ—Ç–≤–µ—á–∞—é—Ç –∑–∞ —É–∑–Ω–∞–≤–∞–µ–º–æ–µ, –º–∞–Ω—è—â–µ–µ –ø–æ—Å–ª–µ–≤–∫—É—Å–∏–µ. –î—Ä–µ–≤–µ—Å–Ω—ã–µ –∞–∫–∫–æ—Ä–¥—ã –≤–æ—Å—Ç–æ—á–Ω–æ–≥–æ —Å–∞–Ω–¥–∞–ª–∞ –∏ —Å–æ–±–ª–∞–∑–Ω–∏—Ç–µ–ª—å–Ω–æ—Å—Ç—å –º—É—Å–∫—É—Å–∞ –∑–∞–≤–µ—Ä—à–∞—é—Ç –ø—Ä–µ–ª–µ—Å—Ç–Ω—ã–π, –ø–æ—Ç—Ä—è—Å–∞—é—â–∏–π —ç—Ñ—Ñ–µ–∫—Ç.   üì≤–ï—Å—Ç—å –∏–Ω—Å—Ç–∞–≥—Ä–∞ vrn_parfum_136  üõ¨–ë—ã—Å—Ç—Ä–∞—è –¥–æ—Å—Ç–∞–≤–∫–∞ –ø–æ –í—Å–µ–π –†–æ—Å—Å–∏–∏  üöö –ü–æ –í–æ—Ä–æ–Ω–µ–∂—É –¥–æ—Å—Ç–∞–≤–∫–∞ –≤ —Ç–µ—á–µ–Ω–∏–∏ —á–∞—Å–∞!  üéÅ–ö–∞–∂–¥–æ–º—É –ø–æ–∫—É–ø–∞—Ç–µ–ª—é –æ—Ç–ª–∏–≤–∞–Ω—Ç —Å–µ–ª–µ–∫—Ç–∏–≤–∞ –≤ –ø–æ–¥–∞—Ä–æ–∫!",–í–æ—Ä–æ–Ω–µ–∂,–í–æ—Ä–æ–Ω–µ–∂,–í–æ—Ä–æ–Ω–µ–∂—Å–∫–∞—è –æ–±–ª–∞—Å—Ç—å,250.000000000000000,https://60.img.avito.st/640x480/11694527460.jpg,https://avito.ru/2191664876?utm_medium=cpc&avito_campaign_id=1232320950223423484&utm_source=buzzoola&utm_campaign=web_buzzoola_buyers_b2b_common_all_network_15082021_any_none_b2b,174976049,121813,"Lifestyles & Hobbies/Business Professionals,Beauty & Wellness/Frequently Visits Salons,Sports & Fitness/Sports Fans,Green Living Enthusiasts,Home & Garden/Do-It-Yourselfers"
2234314339,General,General.HealthAndBeauty,–ö—Ä–∞—Å–æ—Ç–∞ –∏ –∑–¥–æ—Ä–æ–≤—å–µ,–ü–∞—Ä—Ñ—é–º–µ—Ä–∏—è,,,Avon –≠–π–≤–æ–Ω –¥—É—Ö–∏,"–ü–æ–¥ –∑–∞–∫–∞–∑ –ª—é–±–∞—è –ø—Ä–æ–¥—É–∫—Ü–∏—è —ç–π–≤–æ–Ω, –ø—Ä–∏ –∑–∞–∫–∞–∑–µ –æ—Ç 1200 —Ä—É–± —Å–∫–∏–¥–∫–∞ 30%.   –î—É—Ö–∏ –≤ –ø–æ–¥–∞—Ä–æ–∫ —Å–æ 2 –∑–∞–∫–∞–∑–æ–º!  –û–ø–ª–∞—Ç–∞ –ø—Ä–∏ –ø–æ–ª—É—á–µ–Ω–∏–∏.   –î–æ—Å—Ç–∞–≤–∫–∞ 3-5 –¥–Ω–µ–π.   –ó–≤–æ–Ω–∏—Ç–µ, –ø–∏—à–∏—Ç–µ —Å —Ä–∞–¥–æ—Å—Ç—å—é –ø—Ä–æ–∫–æ–Ω—Å—É–ª—å—Ç–∏—Ä—É—é.",–í–æ—Ä–æ–Ω–µ–∂,–í–æ—Ä–æ–Ω–µ–∂,–í–æ—Ä–æ–Ω–µ–∂—Å–∫–∞—è –æ–±–ª–∞—Å—Ç—å,60.000000000000000,https://15.img.avito.st/640x480/11719726015.jpg,https://avito.ru/2234314339?utm_medium=cpc&avito_campaign_id=1232320950223423484&utm_source=buzzoola&utm_campaign=web_buzzoola_buyers_b2b_common_all_network_15082021_any_none_b2b,202892156,121813,"Lifestyles & Hobbies/Business Professionals,Beauty & Wellness/Frequently Visits Salons,Sports & Fitness/Sports Fans,Green Living Enthusiasts,Home & Garden/Do-It-Yourselfers"
2191282691,General,General.HealthAndBeauty,–ö—Ä–∞—Å–æ—Ç–∞ –∏ –∑–¥–æ—Ä–æ–≤—å–µ,–ü–∞—Ä—Ñ—é–º–µ—Ä–∏—è,,,"–û—Ç–ª–∏–≤–∞–Ω—Ç—ã, —Ä–∞—Å–ø–∏–≤ Kilian Good girl gone Bad Extrem","üßö‚Äç‚ôÄÔ∏è–î–æ—Ä–æ–≥–∏–µ –¥—Ä—É–∑—å—è, –ø—Ä–µ–¥–ª–æ–≥–∞—é —Ä–∞—Å–ø–∏–≤ ( —Ç–æ–µ—Å—Ç—å –ø—Ä–æ–¥–∞–∂—É –ø–æ –º–∏–ª–∏–ª–∏—Ç—Ä–∞–º) –∞ —Ç–∞–∫ –∂–µ –æ—Å—Ç–∞—Ç–∫–æ–º –≤–æ —Ñ–ª–∞–∫–æ–Ω–µ –∏ –ø–æ–ª–Ω—ã–º —Ñ–ª–∞–∫–æ–Ω–æ–º!  –¶–µ–Ω—ã —É—Ç–æ—á–Ω—è–π—Ç–µ! (–ì–∞—Ä–∞–Ω—Ç–∏—è —Å–∞–º–æ–π –Ω–∏–∑–∫–æ–π —Ü–µ–Ω—ã –ø—Ä–∏ —Å–∞–º–æ–º –≤—ã—Å–æ–∫–æ–º –∫–∞—á–µ—Å—Ç–≤–µ!)  üíØ –ü–∞—Ä—Ñ—é–º–µ—Ä–∏—è —Å—Ç—Ä–æ–≥–æ –æ—Ä–∏–≥–∏–Ω–∞–ª—å–Ω–æ–≥–æ –∫–∞—á–µ—Å—Ç–≤–∞!  üóº–û–≥—Ä–æ–º–Ω—ã–π –≤—ã–±–æ—Ä –∞—Ä–æ–º–∞—Ç–æ–≤ –≤ —Ä–∞—Å–ø–∏–≤ –∏ –ü–æ–ª–Ω—ã–º —Ñ–ª–∞–∫–æ–Ω–æ–º!  üì∏ –ó–∞—Ö–æ–¥–∏—Ç–µ –≤ –º–æ–π –ø—Ä–æ—Ñ–∏–ª—å, –≤—Å–µ —Ñ–æ—Ç–æ –¥–µ–ª–∞—é –ª–∏—á–Ω–æ –¥–ª—è –í–∞—Å, –ø–æ–¥–ø–∏—Å—ã–≤–∞–π—Ç–µ—Å—å!  üí∏–ß–∞—Å—Ç—ã–µ –∞–∫—Ü–∏–∏ –∏ —Å–∞–º—ã–µ —á–µ—Å—Ç–Ω—ã–µ —Ü–µ–Ω—ã!   –°–æ–∑–¥–∞–Ω—ã –¥–ª—è –æ–±–æ–ª—å—â–µ–Ω–∏—è!  –í–µ—Ä—Ö–Ω–∏–µ –Ω–æ—Ç—ã: –∂–∞—Å–º–∏–Ω, –æ—Å–º–∞–Ω—Ç—É—Å, –º–∞–π—Å–∫–∞—è —Ä–æ–∑–∞.  –ù–æ—Ç—ã —Å–µ—Ä–¥—Ü–∞: —Ç—É–±–µ—Ä–æ–∑–∞, –Ω–∞—Ä—Ü–∏—Å—Å, –º–æ–ª–æ–∫–æ.  –ë–∞–∑–æ–≤—ã–µ –Ω–æ—Ç—ã: –∞–º–±—Ä–∞, –±–µ–ª—ã–π –∫–µ–¥—Ä.  üì≤–ï—Å—Ç—å –∏–Ω—Å—Ç–∞–≥—Ä–∞ vrn_parfum_136  üõ¨–ë—ã—Å—Ç—Ä–∞—è –¥–æ—Å—Ç–∞–≤–∫–∞ –ø–æ –í—Å–µ–π –†–æ—Å—Å–∏–∏  üöö –ü–æ –í–æ—Ä–æ–Ω–µ–∂—É –¥–æ—Å—Ç–∞–≤–∫–∞ –≤ —Ç–µ—á–µ–Ω–∏–∏ —á–∞—Å–∞!  üéÅ–ö–∞–∂–¥–æ–º—É –ø–æ–∫—É–ø–∞—Ç–µ–ª—é –æ—Ç–ª–∏–≤–∞–Ω—Ç —Å–µ–ª–µ–∫—Ç–∏–≤–∞ –≤ –ø–æ–¥–∞—Ä–æ–∫!",–í–æ—Ä–æ–Ω–µ–∂,–í–æ—Ä–æ–Ω–µ–∂,–í–æ—Ä–æ–Ω–µ–∂—Å–∫–∞—è –æ–±–ª–∞—Å—Ç—å,700.000000000000000,https://75.img.avito.st/640x480/11694921575.jpg,https://avito.ru/2191282691?utm_medium=cpc&avito_campaign_id=1232320950223423484&utm_source=buzzoola&utm_campaign=web_buzzoola_buyers_b2b_common_all_network_15082021_any_none_b2b,174976049,121813,"Lifestyles & Hobbies/Business Professionals,Beauty & Wellness/Frequently Visits Salons,Sports & Fitness/Sports Fans,Green Living Enthusiasts,Home & Garden/Do-It-Yourselfers"
